_id	drug_inxight	disease_omim	drug_name	disease_name	nref
10031-OMIM:250250-66Y330CJHS	UNII:66Y330CJHS	OMIM:250250	Human immunoglobulin G	CARTILAGE-HAIR HYPOPLASIA; CHH	20
10031-OMIM:250250-H1250JIK0A	UNII:H1250JIK0A	OMIM:250250	Clarithromycin	CARTILAGE-HAIR HYPOPLASIA; CHH	20
10031-OMIM:250250-MZ1IW7Q79D	UNII:MZ1IW7Q79D	OMIM:250250	Valaciclovir	CARTILAGE-HAIR HYPOPLASIA; CHH	20
10301-OMIM:612562-J06Y7MXW4D-V8G4MOF2V9-2BTY8KH53L	UNII:J06Y7MXW4D-UNII:V8G4MOF2V9-UNII:2BTY8KH53L	OMIM:612562	Deferoxamine-Deferasirox-Deferiprone	DIAMOND-BLACKFAN ANEMIA 7	80
1037-OMIM:612924-A3ULP0F556	UNII:A3ULP0F556	OMIM:612924	Eculizumab	HEMOLYTIC UREMIC SYNDROME, ATYPICAL, SUSCEPTIBILITY TO, 4	8
10483-OMIM:145600-F64QU97QCR	UNII:F64QU97QCR	OMIM:145600	Dantrolene	MALIGNANT HYPERTHERMIA, SUSCEPTIBILITY TO, 1	1
10585-OMIM:604403-5SEH9X1D1D	UNII:5SEH9X1D1D	OMIM:604403	Ethosuximide	GENERALIZED EPILEPSY WITH FEBRILE SEIZURES PLUS, TYPE 2; GEFSP2	7
10585-OMIM:604403-614OI1Z5WI	UNII:614OI1Z5WI	OMIM:604403	Valproic acid	GENERALIZED EPILEPSY WITH FEBRILE SEIZURES PLUS, TYPE 2; GEFSP2	7
10585-OMIM:607208-0H73WJJ391	UNII:0H73WJJ391	OMIM:607208	Topiramate	EPILEPTIC ENCEPHALOPATHY, EARLY INFANTILE, 6; EIEE6	5
10585-OMIM:607208-19GBJ60SN5	UNII:19GBJ60SN5	OMIM:607208	Cannabidiol	EPILEPTIC ENCEPHALOPATHY, EARLY INFANTILE, 6; EIEE6	5
10585-OMIM:607208-2MRO291B4U	UNII:2MRO291B4U	OMIM:607208	Clobazam	EPILEPTIC ENCEPHALOPATHY, EARLY INFANTILE, 6; EIEE6	5
10585-OMIM:607208-44YRR34555	UNII:44YRR34555	OMIM:607208	Levetiracetam	EPILEPTIC ENCEPHALOPATHY, EARLY INFANTILE, 6; EIEE6	5
10585-OMIM:607208-459384H98V	UNII:459384H98V	OMIM:607208	Zonisamide	EPILEPTIC ENCEPHALOPATHY, EARLY INFANTILE, 6; EIEE6	5
10585-OMIM:607208-5PE9FDE8GB	UNII:5PE9FDE8GB	OMIM:607208	Clonazepam	EPILEPTIC ENCEPHALOPATHY, EARLY INFANTILE, 6; EIEE6	5
10585-OMIM:607208-614OI1Z5WI	UNII:614OI1Z5WI	OMIM:607208	Valproic acid	EPILEPTIC ENCEPHALOPATHY, EARLY INFANTILE, 6; EIEE6	5
10585-OMIM:607208-R02XOT8V8I	UNII:R02XOT8V8I	OMIM:607208	Stiripentol	EPILEPTIC ENCEPHALOPATHY, EARLY INFANTILE, 6; EIEE6	5
10585-OMIM:607208-YQE403BP4D	UNII:YQE403BP4D	OMIM:607208	Phenobarbital	EPILEPTIC ENCEPHALOPATHY, EARLY INFANTILE, 6; EIEE6	5
10585-OMIM:609634-44YRR34555	UNII:44YRR34555	OMIM:609634	Levetiracetam	MIGRAINE, FAMILIAL HEMIPLEGIC, 3; FHM3	2
10585-OMIM:609634-563KS2PQY5	UNII:563KS2PQY5	OMIM:609634	Lacosamide	MIGRAINE, FAMILIAL HEMIPLEGIC, 3; FHM3	2
10585-OMIM:609634-614OI1Z5WI	UNII:614OI1Z5WI	OMIM:609634	Valproic acid	MIGRAINE, FAMILIAL HEMIPLEGIC, 3; FHM3	2
10588-OMIM:607745-33CM23913M	UNII:33CM23913M	OMIM:607745	Carbamazepine	SEIZURES, BENIGN FAMILIAL INFANTILE, 3; BFIS3	5
10588-OMIM:607745-6158TKW0C5	UNII:6158TKW0C5	OMIM:607745	Phenytoin	SEIZURES, BENIGN FAMILIAL INFANTILE, 3; BFIS3	5
10588-OMIM:607745-VZI5B1W380	UNII:VZI5B1W380	OMIM:607745	Oxcarbazepine	SEIZURES, BENIGN FAMILIAL INFANTILE, 3; BFIS3	5
10588-OMIM:613721-2MRO291B4U	UNII:2MRO291B4U	OMIM:613721	Clobazam	EPILEPTIC ENCEPHALOPATHY, EARLY INFANTILE, 11; EIEE11	6
10588-OMIM:613721-44YRR34555	UNII:44YRR34555	OMIM:613721	Levetiracetam	EPILEPTIC ENCEPHALOPATHY, EARLY INFANTILE, 11; EIEE11	6
10588-OMIM:613721-5PE9FDE8GB	UNII:5PE9FDE8GB	OMIM:613721	Clonazepam	EPILEPTIC ENCEPHALOPATHY, EARLY INFANTILE, 11; EIEE11	6
10588-OMIM:613721-614OI1Z5WI	UNII:614OI1Z5WI	OMIM:613721	Valproic acid	EPILEPTIC ENCEPHALOPATHY, EARLY INFANTILE, 11; EIEE11	6
10588-OMIM:613721-6158TKW0C5	UNII:6158TKW0C5	OMIM:613721	Phenytoin	EPILEPTIC ENCEPHALOPATHY, EARLY INFANTILE, 11; EIEE11	6
10588-OMIM:613721-98PI200987	UNII:98PI200987	OMIM:613721	Lidocaine	EPILEPTIC ENCEPHALOPATHY, EARLY INFANTILE, 11; EIEE11	6
10588-OMIM:613721-9CLV70W7HS	UNII:9CLV70W7HS	OMIM:613721	Nitrazepam	EPILEPTIC ENCEPHALOPATHY, EARLY INFANTILE, 11; EIEE11	6
10588-OMIM:613721-M0Q7802G2B	UNII:M0Q7802G2B	OMIM:613721	Benzodiazepine	EPILEPTIC ENCEPHALOPATHY, EARLY INFANTILE, 11; EIEE11	6
10590-OMIM:617935-33CM23913M	UNII:33CM23913M	OMIM:617935	Carbamazepine	EPILEPSY, FAMILIAL FOCAL, WITH VARIABLE FOCI 4; FFEVF4	2
10590-OMIM:617935-VZI5B1W380	UNII:VZI5B1W380	OMIM:617935	Oxcarbazepine	EPILEPSY, FAMILIAL FOCAL, WITH VARIABLE FOCI 4; FFEVF4	2
10590-OMIM:617935-YQE403BP4D	UNII:YQE403BP4D	OMIM:617935	Phenobarbital	EPILEPSY, FAMILIAL FOCAL, WITH VARIABLE FOCI 4; FFEVF4	2
10591-OMIM:168300-1U511HHV4Z-33CM23913M	UNII:1U511HHV4Z-UNII:33CM23913M	OMIM:168300	Mexiletine-Carbamazepine	PARAMYOTONIA CONGENITA OF VON EULENBURG; PMC	12
10591-OMIM:168300-K94FTS1806	UNII:K94FTS1806	OMIM:168300	Flecainide	PARAMYOTONIA CONGENITA OF VON EULENBURG; PMC	12
10591-OMIM:170500-0J48LPH2TH	UNII:0J48LPH2TH	OMIM:170500	Hydrochlorothiazide	HYPERKALEMIC PERIODIC PARALYSIS; HYPP	13
10591-OMIM:170500-QF8SVZ843E	UNII:QF8SVZ843E	OMIM:170500	Salbutamol	HYPERKALEMIC PERIODIC PARALYSIS; HYPP	13
10591-OMIM:170500-SQE6VB453K	UNII:SQE6VB453K	OMIM:170500	Calcium gluconate	HYPERKALEMIC PERIODIC PARALYSIS; HYPP	13
10591-OMIM:170500-VB0R961HZT	UNII:VB0R961HZT	OMIM:170500	Prednisone	HYPERKALEMIC PERIODIC PARALYSIS; HYPP	13
10591-OMIM:170500-VVJ6673MHY	UNII:VVJ6673MHY	OMIM:170500	Diclofenamide	HYPERKALEMIC PERIODIC PARALYSIS; HYPP	13
10591-OMIM:170600-0J48LPH2TH	UNII:0J48LPH2TH	OMIM:170600	Hydrochlorothiazide	NORMOKALEMIC PERIODIC PARALYSIS	3
10591-OMIM:170600-O3FX965V0I	UNII:O3FX965V0I	OMIM:170600	Acetazolamide	NORMOKALEMIC PERIODIC PARALYSIS	3
10591-OMIM:608390-1U511HHV4Z-33CM23913M	UNII:1U511HHV4Z-UNII:33CM23913M	OMIM:608390	Mexiletine-Carbamazepine	MYOTONIA, POTASSIUM-AGGRAVATED	7
10591-OMIM:608390-K94FTS1806	UNII:K94FTS1806	OMIM:608390	Flecainide	MYOTONIA, POTASSIUM-AGGRAVATED	7
10591-OMIM:608390-O3FX965V0I	UNII:O3FX965V0I	OMIM:608390	Acetazolamide	MYOTONIA, POTASSIUM-AGGRAVATED	7
10591-OMIM:613345-27O7W4T232	UNII:27O7W4T232	OMIM:613345	Spironolactone	HYPOKALEMIC PERIODIC PARALYSIS, TYPE 2; HOKPP2	6
10591-OMIM:613345-660YQ98I10	UNII:660YQ98I10	OMIM:613345	Potassium chloride	HYPOKALEMIC PERIODIC PARALYSIS, TYPE 2; HOKPP2	6
10591-OMIM:613345-6995V82D0B	UNII:6995V82D0B	OMIM:613345	Eplerenone	HYPOKALEMIC PERIODIC PARALYSIS, TYPE 2; HOKPP2	6
10591-OMIM:613345-O3FX965V0I	UNII:O3FX965V0I	OMIM:613345	Acetazolamide	HYPOKALEMIC PERIODIC PARALYSIS, TYPE 2; HOKPP2	6
10591-OMIM:613345-VVJ6673MHY	UNII:VVJ6673MHY	OMIM:613345	Diclofenamide	HYPOKALEMIC PERIODIC PARALYSIS, TYPE 2; HOKPP2	6
10591-OMIM:613345-WS821Z52LQ	UNII:WS821Z52LQ	OMIM:613345	Triamterene	HYPOKALEMIC PERIODIC PARALYSIS, TYPE 2; HOKPP2	6
10593-OMIM:601144-L628TT009W	UNII:L628TT009W	OMIM:601144	Isoprenaline	BRUGADA SYNDROME 1; BRGDA1	10
10593-OMIM:601154-ITX08688JL	UNII:ITX08688JL	OMIM:601154	Quinidine	CARDIOMYOPATHY, DILATED, 1E; CMD1E	54
10593-OMIM:601154-K94FTS1806	UNII:K94FTS1806	OMIM:601154	Flecainide	CARDIOMYOPATHY, DILATED, 1E; CMD1E	54
10593-OMIM:601154-N3RQ532IUT	UNII:N3RQ532IUT	OMIM:601154	Amiodarone	CARDIOMYOPATHY, DILATED, 1E; CMD1E	54
10593-OMIM:608567-N7Z035406B	UNII:N7Z035406B	OMIM:608567	Cilostazol	SICK SINUS SYNDROME 1; SSS1	11
10596-OMIM:614558-2MRO291B4U	UNII:2MRO291B4U	OMIM:614558	Clobazam	EPILEPTIC ENCEPHALOPATHY, EARLY INFANTILE, 13; EIEE13	13
10596-OMIM:614558-46627O600J	UNII:46627O600J	OMIM:614558	Levodopa	EPILEPTIC ENCEPHALOPATHY, EARLY INFANTILE, 13; EIEE13	13
10596-OMIM:614558-614OI1Z5WI	UNII:614OI1Z5WI	OMIM:614558	Valproic acid	EPILEPTIC ENCEPHALOPATHY, EARLY INFANTILE, 13; EIEE13	13
10596-OMIM:614558-6158TKW0C5	UNII:6158TKW0C5	OMIM:614558	Phenytoin	EPILEPTIC ENCEPHALOPATHY, EARLY INFANTILE, 13; EIEE13	13
10596-OMIM:614558-C1LJO185Q9	UNII:C1LJO185Q9	OMIM:614558	Oxitriptan	EPILEPTIC ENCEPHALOPATHY, EARLY INFANTILE, 13; EIEE13	13
10596-OMIM:614558-U3H27498KS	UNII:U3H27498KS	OMIM:614558	Lamotrigine	EPILEPTIC ENCEPHALOPATHY, EARLY INFANTILE, 13; EIEE13	13
10596-OMIM:614558-VZI5B1W380	UNII:VZI5B1W380	OMIM:614558	Oxcarbazepine	EPILEPTIC ENCEPHALOPATHY, EARLY INFANTILE, 13; EIEE13	13
10599-OMIM:264350-0J48LPH2TH	UNII:0J48LPH2TH	OMIM:264350	Hydrochlorothiazide	PSEUDOHYPOALDOSTERONISM, TYPE I, AUTOSOMAL RECESSIVE	15
10599-OMIM:264350-5SL0G7R0OK	UNII:5SL0G7R0OK	OMIM:264350	D-glucose	PSEUDOHYPOALDOSTERONISM, TYPE I, AUTOSOMAL RECESSIVE	15
10599-OMIM:264350-8MDF5V39QO	UNII:8MDF5V39QO	OMIM:264350	Sodium bicarbonate	PSEUDOHYPOALDOSTERONISM, TYPE I, AUTOSOMAL RECESSIVE	15
10599-OMIM:264350-QF8SVZ843E	UNII:QF8SVZ843E	OMIM:264350	Salbutamol	PSEUDOHYPOALDOSTERONISM, TYPE I, AUTOSOMAL RECESSIVE	15
10599-OMIM:264350-XXE1CET956	UNII:XXE1CET956	OMIM:264350	Indomethacin	PSEUDOHYPOALDOSTERONISM, TYPE I, AUTOSOMAL RECESSIVE	15
10599-OMIM:618126-7DZO8EB0Z3	UNII:7DZO8EB0Z3	OMIM:618126	Amiloride	LIDDLE SYNDROME 3	7
10599-OMIM:618126-WS821Z52LQ	UNII:WS821Z52LQ	OMIM:618126	Triamterene	LIDDLE SYNDROME 3	7
10600-OMIM:177200-7DZO8EB0Z3	UNII:7DZO8EB0Z3	OMIM:177200	Amiloride	LIDDLE SYNDROME 1	7
10600-OMIM:177200-WS821Z52LQ	UNII:WS821Z52LQ	OMIM:177200	Triamterene	LIDDLE SYNDROME 1	7
10600-OMIM:264350-0J48LPH2TH	UNII:0J48LPH2TH	OMIM:264350	Hydrochlorothiazide	PSEUDOHYPOALDOSTERONISM, TYPE I, AUTOSOMAL RECESSIVE	15
10600-OMIM:264350-5SL0G7R0OK	UNII:5SL0G7R0OK	OMIM:264350	D-glucose	PSEUDOHYPOALDOSTERONISM, TYPE I, AUTOSOMAL RECESSIVE	15
10600-OMIM:264350-8MDF5V39QO	UNII:8MDF5V39QO	OMIM:264350	Sodium bicarbonate	PSEUDOHYPOALDOSTERONISM, TYPE I, AUTOSOMAL RECESSIVE	15
10600-OMIM:264350-QF8SVZ843E	UNII:QF8SVZ843E	OMIM:264350	Salbutamol	PSEUDOHYPOALDOSTERONISM, TYPE I, AUTOSOMAL RECESSIVE	15
10600-OMIM:264350-XXE1CET956	UNII:XXE1CET956	OMIM:264350	Indomethacin	PSEUDOHYPOALDOSTERONISM, TYPE I, AUTOSOMAL RECESSIVE	15
10602-OMIM:264350-0J48LPH2TH	UNII:0J48LPH2TH	OMIM:264350	Hydrochlorothiazide	PSEUDOHYPOALDOSTERONISM, TYPE I, AUTOSOMAL RECESSIVE	15
10602-OMIM:264350-5SL0G7R0OK	UNII:5SL0G7R0OK	OMIM:264350	D-glucose	PSEUDOHYPOALDOSTERONISM, TYPE I, AUTOSOMAL RECESSIVE	15
10602-OMIM:264350-8MDF5V39QO	UNII:8MDF5V39QO	OMIM:264350	Sodium bicarbonate	PSEUDOHYPOALDOSTERONISM, TYPE I, AUTOSOMAL RECESSIVE	15
10602-OMIM:264350-QF8SVZ843E	UNII:QF8SVZ843E	OMIM:264350	Salbutamol	PSEUDOHYPOALDOSTERONISM, TYPE I, AUTOSOMAL RECESSIVE	15
10602-OMIM:264350-XXE1CET956	UNII:XXE1CET956	OMIM:264350	Indomethacin	PSEUDOHYPOALDOSTERONISM, TYPE I, AUTOSOMAL RECESSIVE	15
10602-OMIM:618114-7DZO8EB0Z3	UNII:7DZO8EB0Z3	OMIM:618114	Amiloride	LIDDLE SYNDROME 2	7
10602-OMIM:618114-WS821Z52LQ	UNII:WS821Z52LQ	OMIM:618114	Triamterene	LIDDLE SYNDROME 2	7
10820-OMIM:308240-3S252O2Z4X	UNII:3S252O2Z4X	OMIM:308240	Emapalumab	LYMPHOPROLIFERATIVE SYNDROME, X-LINKED, 1	15
10820-OMIM:308240-4F4X42SYQ6	UNII:4F4X42SYQ6	OMIM:308240	Rituximab	LYMPHOPROLIFERATIVE SYNDROME, X-LINKED, 1	15
10820-OMIM:308240-66Y330CJHS	UNII:66Y330CJHS	OMIM:308240	Human immunoglobulin G	LYMPHOPROLIFERATIVE SYNDROME, X-LINKED, 1	15
10820-OMIM:308240-6PLQ3CP4P3	UNII:6PLQ3CP4P3	OMIM:308240	Etoposide	LYMPHOPROLIFERATIVE SYNDROME, X-LINKED, 1	15
10820-OMIM:308240-VB0R961HZT-7S5I7G3JQL	UNII:VB0R961HZT-UNII:7S5I7G3JQL	OMIM:308240	Prednisone-Dexamethasone	LYMPHOPROLIFERATIVE SYNDROME, X-LINKED, 1	15
10820-OMIM:308240-YL5FZ2Y5U1	UNII:YL5FZ2Y5U1	OMIM:308240	Methotrexate	LYMPHOPROLIFERATIVE SYNDROME, X-LINKED, 1	15
10856-OMIM:222900-8A7F670F2Y	UNII:8A7F670F2Y	OMIM:222900	Sacrosidase	SUCRASE-ISOMALTASE DEFICIENCY, CONGENITAL	12
10922-OMIM:610021-5SL0G7R0OK	UNII:5SL0G7R0OK	OMIM:610021	D-glucose	HYPERINSULINEMIC HYPOGLYCEMIA, FAMILIAL, 7; HHF7	1
10922-OMIM:610021-76LA80IG2G	UNII:76LA80IG2G	OMIM:610021	Glucagon	HYPERINSULINEMIC HYPOGLYCEMIA, FAMILIAL, 7; HHF7	1
10922-OMIM:610021-AD4J2O47FQ	UNII:AD4J2O47FQ	OMIM:610021	Dasiglucagon	HYPERINSULINEMIC HYPOGLYCEMIA, FAMILIAL, 7; HHF7	1
10922-OMIM:610021-O5CB12L4FN	UNII:O5CB12L4FN	OMIM:610021	Diazoxide	HYPERINSULINEMIC HYPOGLYCEMIA, FAMILIAL, 7; HHF7	1
10922-OMIM:610021-RWM8CCW8GP	UNII:RWM8CCW8GP	OMIM:610021	Octreotide	HYPERINSULINEMIC HYPOGLYCEMIA, FAMILIAL, 7; HHF7	1
10935-OMIM:618049-83619PEU5T	UNII:83619PEU5T	OMIM:618049	Pramipexole	PARKINSONISM-DYSTONIA, INFANTILE, 2; PKDYS2	2
10936-OMIM:617239-19QM69HH21	UNII:19QM69HH21	OMIM:617239	Pyridostigmine	MYASTHENIC SYNDROME, CONGENITAL, 21, PRESYNAPTIC; CMS21	4
10969-OMIM:212140-0G389FZZ9M	UNII:0G389FZZ9M	OMIM:212140	Levocarnitine	CARNITINE DEFICIENCY, SYSTEMIC PRIMARY	4
10979-OMIM:618197-19QM69HH21	UNII:19QM69HH21	OMIM:618197	Pyridostigmine	MYASTHENIC SYNDROME, CONGENITAL, 23, PRESYNAPTIC; CMS23	3
10979-OMIM:618197-RU4S6E2G0J	UNII:RU4S6E2G0J	OMIM:618197	Amifampridine	MYASTHENIC SYNDROME, CONGENITAL, 23, PRESYNAPTIC; CMS23	3
10983-OMIM:605814-8558G7RUTR	UNII:8558G7RUTR	OMIM:605814	Pyruvic acid	CITRULLINEMIA, TYPE II, NEONATAL-ONSET	22
10983-OMIM:605814-C9H2L21V7U	UNII:C9H2L21V7U	OMIM:605814	Medium-chain triglycerides	CITRULLINEMIA, TYPE II, NEONATAL-ONSET	22
10985-OMIM:238970-29VT07BGDA	UNII:29VT07BGDA	OMIM:238970	Citrulline	HYPERORNITHINEMIA-HYPERAMMONEMIA-HOMOCITRULLINURIA SYNDROME	12
10985-OMIM:238970-7WY7YBI87E-ZH6F1VCV7B	UNII:7WY7YBI87E-UNII:ZH6F1VCV7B	OMIM:238970	Phenylbutyric acid-Glycerol phenylbutyrate	HYPERORNITHINEMIA-HYPERAMMONEMIA-HOMOCITRULLINURIA SYNDROME	12
10985-OMIM:238970-8SKN0B0MIM	UNII:8SKN0B0MIM	OMIM:238970	Benzoic acid	HYPERORNITHINEMIA-HYPERAMMONEMIA-HOMOCITRULLINURIA SYNDROME	12
10985-OMIM:238970-94ZLA3W45F	UNII:94ZLA3W45F	OMIM:238970	Arginine	HYPERORNITHINEMIA-HYPERAMMONEMIA-HOMOCITRULLINURIA SYNDROME	12
10985-OMIM:238970-ER5I1W795A	UNII:ER5I1W795A	OMIM:238970	Phenylacetic acid	HYPERORNITHINEMIA-HYPERAMMONEMIA-HOMOCITRULLINURIA SYNDROME	12
11051-OMIM:614618-2MRO291B4U	UNII:2MRO291B4U	OMIM:614618	Clobazam	HYPEREKPLEXIA 3; HKPX3	8
11051-OMIM:614618-44YRR34555	UNII:44YRR34555	OMIM:614618	Levetiracetam	HYPEREKPLEXIA 3; HKPX3	8
11051-OMIM:614618-5PE9FDE8GB	UNII:5PE9FDE8GB	OMIM:614618	Clonazepam	HYPEREKPLEXIA 3; HKPX3	8
11051-OMIM:614618-9CLV70W7HS	UNII:9CLV70W7HS	OMIM:614618	Nitrazepam	HYPEREKPLEXIA 3; HKPX3	8
11117-OMIM:253300-5Z9SP3X666	UNII:5Z9SP3X666	OMIM:253300	Nusinersen	SPINAL MUSCULAR ATROPHY, TYPE I	9
11117-OMIM:253300-MLU3LU3EVV	UNII:MLU3LU3EVV	OMIM:253300	Onasemnogene abeparvovec	SPINAL MUSCULAR ATROPHY, TYPE I	9
11117-OMIM:253400-5Z9SP3X666	UNII:5Z9SP3X666	OMIM:253400	Nusinersen	SPINAL MUSCULAR ATROPHY, TYPE III	5
11117-OMIM:253550-5Z9SP3X666	UNII:5Z9SP3X666	OMIM:253550	Nusinersen	SPINAL MUSCULAR ATROPHY, TYPE II	6
11132-OMIM:616330-RU4S6E2G0J	UNII:RU4S6E2G0J	OMIM:616330	Amifampridine	MYASTHENIC SYNDROME, CONGENITAL, 18; CMS18	2
1122-OMIM:253260-6SO6U10H04	UNII:6SO6U10H04	OMIM:253260	Biotin	BIOTINIDASE DEFICIENCY	5
1133-OMIM:300755-66Y330CJHS	UNII:66Y330CJHS	OMIM:300755	Human immunoglobulin G	AGAMMAGLOBULINEMIA, X-LINKED	22
11359-OMIM:201710-U0476M545B	UNII:U0476M545B	OMIM:201710	Fludrocortisone	LIPOID CONGENITAL ADRENAL HYPERPLASIA	5
11359-OMIM:201710-WI4X0X7BPJ	UNII:WI4X0X7BPJ	OMIM:201710	Hydrocortisone	LIPOID CONGENITAL ADRENAL HYPERPLASIA	5
11429-OMIM:603552-6PLQ3CP4P3	UNII:6PLQ3CP4P3	OMIM:603552	Etoposide	HEMOPHAGOCYTIC LYMPHOHISTIOCYTOSIS, FAMILIAL, 4; FHL4	6
11445-OMIM:613101-6PLQ3CP4P3	UNII:6PLQ3CP4P3	OMIM:613101	Etoposide	HEMOPHAGOCYTIC LYMPHOHISTIOCYTOSIS, FAMILIAL, 5; FHL5	2
11577-OMIM:302060-0G389FZZ9M	UNII:0G389FZZ9M	OMIM:302060	Levocarnitine	BARTH SYNDROME; BTHS	6
11621-OMIM:600496-839I73S42A	UNII:839I73S42A	OMIM:600496	Liraglutide	MATURITY-ONSET DIABETES OF THE YOUNG, TYPE 3	5
11621-ORPHA:324575-O5CB12L4FN	UNII:O5CB12L4FN	OMIM:11621-ORPHA:324575	Diazoxide	Hyperinsulinism due to HNF1A deficiency	1
11653-OMIM:275350-935E97BOY8	UNII:935E97BOY8	OMIM:275350	Folic acid	TRANSCOBALAMIN II DEFICIENCY	8
11653-OMIM:275350-P6YC3EG204	UNII:P6YC3EG204	OMIM:275350	Cyanocobalamin	TRANSCOBALAMIN II DEFICIENCY	8
11653-OMIM:275350-Q40X8H422O	UNII:Q40X8H422O	OMIM:275350	Hydroxocobalamin	TRANSCOBALAMIN II DEFICIENCY	8
11782-OMIM:605407-0FRP6G56LD	UNII:0FRP6G56LD	OMIM:605407	Biperiden	SEGAWA SYNDROME, AUTOSOMAL RECESSIVE	7
11782-OMIM:605407-2K1V7GP655	UNII:2K1V7GP655	OMIM:605407	Selegiline	SEGAWA SYNDROME, AUTOSOMAL RECESSIVE	7
11782-OMIM:605407-46627O600J	UNII:46627O600J	OMIM:605407	Levodopa	SEGAWA SYNDROME, AUTOSOMAL RECESSIVE	7
11782-OMIM:605407-762OS3ZEJU	UNII:762OS3ZEJU	OMIM:605407	Benserazide	SEGAWA SYNDROME, AUTOSOMAL RECESSIVE	7
11784-OMIM:612926-A3ULP0F556	UNII:A3ULP0F556	OMIM:612926	Eculizumab	HEMOLYTIC UREMIC SYNDROME, ATYPICAL, SUSCEPTIBILITY TO, 6	8
11908-OMIM:602080-4EQZ6YO2HI	UNII:4EQZ6YO2HI	OMIM:602080	Denosumab	PAGET DISEASE OF BONE 2, EARLY-ONSET; PDB2	2
11908-OMIM:612301-66Y330CJHS	UNII:66Y330CJHS	OMIM:612301	Human immunoglobulin G	OSTEOPETROSIS, AUTOSOMAL RECESSIVE 7; OPTB7	3
11908-OMIM:612301-9PHQ9Y1OLM	UNII:9PHQ9Y1OLM	OMIM:612301	Prednisolone	OSTEOPETROSIS, AUTOSOMAL RECESSIVE 7; OPTB7	3
11908-OMIM:612301-9VU1KI44GP	UNII:9VU1KI44GP	OMIM:612301	Vitamin D	OSTEOPETROSIS, AUTOSOMAL RECESSIVE 7; OPTB7	3
11920-OMIM:601859-W36ZG6FT64	UNII:W36ZG6FT64	OMIM:601859	Sirolimus	AUTOIMMUNE LYMPHOPROLIFERATIVE SYNDROME	5
12362-OMIM:191100-9HW64Q8G6G	UNII:9HW64Q8G6G	OMIM:191100	Everolimus	TUBEROUS SCLEROSIS 1; TSC1	3
12362-OMIM:191100-GR120KRT6K	UNII:GR120KRT6K	OMIM:191100	Vigabatrin	TUBEROUS SCLEROSIS 1; TSC1	3
12362-OMIM:191100-W36ZG6FT64	UNII:W36ZG6FT64	OMIM:191100	Sirolimus	TUBEROUS SCLEROSIS 1; TSC1	3
12362-OMIM:607341-9HW64Q8G6G	UNII:9HW64Q8G6G	OMIM:607341	Everolimus	FOCAL CORTICAL DYSPLASIA, TYPE II; FCORD2	2
12362-OMIM:607341-W36ZG6FT64	UNII:W36ZG6FT64	OMIM:607341	Sirolimus	FOCAL CORTICAL DYSPLASIA, TYPE II; FCORD2	2
12363-OMIM:607341-W36ZG6FT64	UNII:W36ZG6FT64	OMIM:607341	Sirolimus	FOCAL CORTICAL DYSPLASIA, TYPE II; FCORD2	1
12363-OMIM:613254-GR120KRT6K	UNII:GR120KRT6K	OMIM:613254	Vigabatrin	TUBEROUS SCLEROSIS 2; TSC2	5
12363-OMIM:613254-JCX84Q7J1L	UNII:JCX84Q7J1L	OMIM:613254	Celecoxib	TUBEROUS SCLEROSIS 2; TSC2	5
12518-ORPHA:276556-O5CB12L4FN	UNII:O5CB12L4FN	OMIM:12518-ORPHA:276556	Diazoxide	Hyperinsulinism due to UCP2 deficiency	13
12518-ORPHA:276556-O8232NY3SJ	UNII:O8232NY3SJ	OMIM:12518-ORPHA:276556	Starch, corn	Hyperinsulinism due to UCP2 deficiency	13
12642-OMIM:618323-19QM69HH21	UNII:19QM69HH21	OMIM:618323	Pyridostigmine	MYASTHENIC SYNDROME, CONGENITAL, 25, PRESYNAPTIC	2
1304-OMIM:607398-WI4X0X7BPJ	UNII:WI4X0X7BPJ	OMIM:607398	Hydrocortisone	GLUCOCORTICOID DEFICIENCY 2; GCCD2	3
1318-OMIM:612925-75J73V1629	UNII:75J73V1629	OMIM:612925	Ceftriaxone	HEMOLYTIC UREMIC SYNDROME, ATYPICAL, SUSCEPTIBILITY TO, 5	8
1318-OMIM:612925-9G64RSX1XD	UNII:9G64RSX1XD	OMIM:612925	Captopril	HEMOLYTIC UREMIC SYNDROME, ATYPICAL, SUSCEPTIBILITY TO, 5	8
1318-OMIM:612925-A3ULP0F556	UNII:A3ULP0F556	OMIM:612925	Eculizumab	HEMOLYTIC UREMIC SYNDROME, ATYPICAL, SUSCEPTIBILITY TO, 5	8
1366-OMIM:274150-U5SFU33XUX	UNII:U5SFU33XUX	OMIM:274150	Apadamtase alfa	THROMBOTIC THROMBOCYTOPENIC PURPURA, HEREDITARY	25
1377-OMIM:615751-241ATL177A	UNII:241ATL177A	OMIM:615751	Soybean oil	CARBONIC ANHYDRASE VA DEFICIENCY, HYPERAMMONEMIA DUE TO; CA5AD	5
1377-OMIM:615751-5L0HB4V1EW	UNII:5L0HB4V1EW	OMIM:615751	Carglumic acid	CARBONIC ANHYDRASE VA DEFICIENCY, HYPERAMMONEMIA DUE TO; CA5AD	5
1377-OMIM:615751-5SL0G7R0OK	UNII:5SL0G7R0OK	OMIM:615751	D-glucose	CARBONIC ANHYDRASE VA DEFICIENCY, HYPERAMMONEMIA DUE TO; CA5AD	5
1377-OMIM:615751-8SKN0B0MIM	UNII:8SKN0B0MIM	OMIM:615751	Benzoic acid	CARBONIC ANHYDRASE VA DEFICIENCY, HYPERAMMONEMIA DUE TO; CA5AD	5
1377-OMIM:615751-94ZLA3W45F	UNII:94ZLA3W45F	OMIM:615751	Arginine	CARBONIC ANHYDRASE VA DEFICIENCY, HYPERAMMONEMIA DUE TO; CA5AD	5
1377-OMIM:615751-ER5I1W795A	UNII:ER5I1W795A	OMIM:615751	Phenylacetic acid	CARBONIC ANHYDRASE VA DEFICIENCY, HYPERAMMONEMIA DUE TO; CA5AD	5
1377-OMIM:615751-ZH6F1VCV7B	UNII:ZH6F1VCV7B	OMIM:615751	Glycerol phenylbutyrate	CARBONIC ANHYDRASE VA DEFICIENCY, HYPERAMMONEMIA DUE TO; CA5AD	5
13806-OMIM:610370-724L30Y2QR	UNII:724L30Y2QR	OMIM:610370	Ursodeoxycholic acid	DIARRHEA 4, MALABSORPTIVE, CONGENITAL	10
1390-OMIM:601005-1U511HHV4Z	UNII:1U511HHV4Z	OMIM:601005	Mexiletine	TIMOTHY SYNDROME; TS	13
1390-OMIM:601005-50VV3VW0TI-FEN504330V	UNII:50VV3VW0TI-UNII:FEN504330V	OMIM:601005	Atenolol-Nadolol	TIMOTHY SYNDROME; TS	13
1390-OMIM:601005-98PI200987	UNII:98PI200987	OMIM:601005	Lidocaine	TIMOTHY SYNDROME; TS	13
1390-OMIM:601005-9Y8NXQ24VQ	UNII:9Y8NXQ24VQ	OMIM:601005	Propranolol	TIMOTHY SYNDROME; TS	13
1390-OMIM:601005-I38ZP9992A	UNII:I38ZP9992A	OMIM:601005	Magnesium	TIMOTHY SYNDROME; TS	13
1391-OMIM:615474-1J444QC288	UNII:1J444QC288	OMIM:615474	Amlodipine	PRIMARY ALDOSTERONISM, SEIZURES, AND NEUROLOGIC ABNORMALITIES; PASNA	3
1391-OMIM:615474-27O7W4T232	UNII:27O7W4T232	OMIM:615474	Spironolactone	PRIMARY ALDOSTERONISM, SEIZURES, AND NEUROLOGIC ABNORMALITIES; PASNA	3
1391-OMIM:615474-I9ZF7L6G2L	UNII:I9ZF7L6G2L	OMIM:615474	Nifedipine	PRIMARY ALDOSTERONISM, SEIZURES, AND NEUROLOGIC ABNORMALITIES; PASNA	3
1391-OMIM:615474-MN3L5RMN02	UNII:MN3L5RMN02	OMIM:615474	Clonidine	PRIMARY ALDOSTERONISM, SEIZURES, AND NEUROLOGIC ABNORMALITIES; PASNA	3
1391-OMIM:615474-O5CB12L4FN	UNII:O5CB12L4FN	OMIM:615474	Diazoxide	PRIMARY ALDOSTERONISM, SEIZURES, AND NEUROLOGIC ABNORMALITIES; PASNA	3
1421-OMIM:212138-0G389FZZ9M	UNII:0G389FZZ9M	OMIM:212138	Levocarnitine	CARNITINE-ACYLCARNITINE TRANSLOCASE DEFICIENCY; CACTD	9
1421-OMIM:212138-2P6O7CFW5K	UNII:2P6O7CFW5K	OMIM:212138	Triheptanoin	CARNITINE-ACYLCARNITINE TRANSLOCASE DEFICIENCY; CACTD	9
1421-OMIM:212138-5SL0G7R0OK	UNII:5SL0G7R0OK	OMIM:212138	D-glucose	CARNITINE-ACYLCARNITINE TRANSLOCASE DEFICIENCY; CACTD	9
1421-OMIM:212138-C9H2L21V7U	UNII:C9H2L21V7U	OMIM:212138	Medium-chain triglycerides	CARNITINE-ACYLCARNITINE TRANSLOCASE DEFICIENCY; CACTD	9
1421-OMIM:212138-O8232NY3SJ	UNII:O8232NY3SJ	OMIM:212138	Starch, corn	CARNITINE-ACYLCARNITINE TRANSLOCASE DEFICIENCY; CACTD	9
14211-OMIM:613502-66Y330CJHS	UNII:66Y330CJHS	OMIM:613502	Human immunoglobulin G	AGAMMAGLOBULINEMIA 4, AUTOSOMAL RECESSIVE	4
14537-OMIM:607625-ADN3S497AZ	UNII:ADN3S497AZ	OMIM:607625	Miglustat	NIEMANN-PICK DISEASE, TYPE C2	8
1514-OMIM:239200-7LXU5N7ZO5	UNII:7LXU5N7ZO5	OMIM:239200	Furosemide	HYPERPARATHYROIDISM, NEONATAL SEVERE	5
1514-OMIM:239200-UAZ6V7728S	UNII:UAZ6V7728S	OMIM:239200	Cinacalcet	HYPERPARATHYROIDISM, NEONATAL SEVERE	5
1514-OMIM:601198-0J48LPH2TH	UNII:0J48LPH2TH	OMIM:601198	Hydrochlorothiazide	HYPOCALCEMIA, AUTOSOMAL DOMINANT 1	15
1514-OMIM:601198-1C6V77QF41-9VU1KI44GP	UNII:1C6V77QF41-UNII:9VU1KI44GP	OMIM:601198	Cholecalciferol-Vitamin D	HYPOCALCEMIA, AUTOSOMAL DOMINANT 1	15
1514-OMIM:601198-FXC9231JVH	UNII:FXC9231JVH	OMIM:601198	Calcitriol	HYPOCALCEMIA, AUTOSOMAL DOMINANT 1	15
1514-OMIM:601198-H0G9379FGK	UNII:H0G9379FGK	OMIM:601198	Calcium carbonate	HYPOCALCEMIA, AUTOSOMAL DOMINANT 1	15
1514-OMIM:601198-I38ZP9992A	UNII:I38ZP9992A	OMIM:601198	Magnesium	HYPOCALCEMIA, AUTOSOMAL DOMINANT 1	15
1514-OMIM:601198-Q58C92TUN0	UNII:Q58C92TUN0	OMIM:601198	Trichlormethiazide	HYPOCALCEMIA, AUTOSOMAL DOMINANT 1	15
1514-OMIM:601198-RWP5GA015D	UNII:RWP5GA015D	OMIM:601198	Potassium	HYPOCALCEMIA, AUTOSOMAL DOMINANT 1	15
1514-OMIM:601198-SQE6VB453K	UNII:SQE6VB453K	OMIM:601198	Calcium gluconate	HYPOCALCEMIA, AUTOSOMAL DOMINANT 1	15
1514-OMIM:601198-SY7Q814VUP	UNII:SY7Q814VUP	OMIM:601198	Calcium	HYPOCALCEMIA, AUTOSOMAL DOMINANT 1	15
1514-OMIM:601198-VS041H42XC-R5LM3H112R-URQ2517572	UNII:VS041H42XC-UNII:R5LM3H112R-UNII:URQ2517572	OMIM:601198	Ergocalciferol-Dihydrotachysterol-Alfacalcidol	HYPOCALCEMIA, AUTOSOMAL DOMINANT 1	15
1550-OMIM:236200-3SCV180C9W	UNII:3SCV180C9W	OMIM:236200	Glycine betaine	HOMOCYSTINURIA DUE TO CYSTATHIONINE BETA-SYNTHASE DEFICIENCY	3
1550-OMIM:236200-935E97BOY8	UNII:935E97BOY8	OMIM:236200	Folic acid	HOMOCYSTINURIA DUE TO CYSTATHIONINE BETA-SYNTHASE DEFICIENCY	3
1550-OMIM:236200-KV2JZ1BI6Z	UNII:KV2JZ1BI6Z	OMIM:236200	Pyridoxine	HOMOCYSTINURIA DUE TO CYSTATHIONINE BETA-SYNTHASE DEFICIENCY	3
1550-OMIM:236200-Q573I9DVLP	UNII:Q573I9DVLP	OMIM:236200	Leucovorin	HOMOCYSTINURIA DUE TO CYSTATHIONINE BETA-SYNTHASE DEFICIENCY	3
16187-OMIM:211500-TLM2976OFR	UNII:TLM2976OFR	OMIM:211500	Riboflavin	FAZIO-LONDE DISEASE	3
16187-OMIM:211530-TLM2976OFR	UNII:TLM2976OFR	OMIM:211530	Riboflavin	BROWN-VIALETTO-VAN LAERE SYNDROME 1	4
16266-OMIM:607483-4ABT0J945J	UNII:4ABT0J945J	OMIM:607483	Thiamine	THIAMINE METABOLISM DYSFUNCTION SYNDROME 2 (BIOTIN- OR THIAMINE-RESPONSIVE TYPE); THMD2	35
16266-OMIM:607483-6SO6U10H04	UNII:6SO6U10H04	OMIM:607483	Biotin	THIAMINE METABOLISM DYSFUNCTION SYNDROME 2 (BIOTIN- OR THIAMINE-RESPONSIVE TYPE); THMD2	35
1673-OMIM:615617-66Y330CJHS	UNII:66Y330CJHS	OMIM:615617	Human immunoglobulin G	IMMUNODEFICIENCY 19	65
16902-OMIM:614923-GMW67QNF9C-04Y7590D77	UNII:GMW67QNF9C-UNII:04Y7590D77	OMIM:614923	Leucine-Isoleucine	BRANCHED-CHAIN KETO ACID DEHYDROGENASE KINASE DEFICIENCY; BCKDKD	2
16902-OMIM:614923-HG18B9YRS7	UNII:HG18B9YRS7	OMIM:614923	Valine	BRANCHED-CHAIN KETO ACID DEHYDROGENASE KINASE DEFICIENCY; BCKDKD	2
1698-OMIM:613501-66Y330CJHS	UNII:66Y330CJHS	OMIM:613501	Human immunoglobulin G	AGAMMAGLOBULINEMIA 3, AUTOSOMAL RECESSIVE	7
1699-OMIM:612692-66Y330CJHS	UNII:66Y330CJHS	OMIM:612692	Human immunoglobulin G	AGAMMAGLOBULINEMIA 6, AUTOSOMAL RECESSIVE	6
17642-OMIM:603554-66Y330CJHS	UNII:66Y330CJHS	OMIM:603554	Human immunoglobulin G	OMENN SYNDROME	22
17642-OMIM:603554-T5UM7HB19N	UNII:T5UM7HB19N	OMIM:603554	Hypochlorite	OMENN SYNDROME	22
1786-OMIM:614732-451W47IQ8X	UNII:451W47IQ8X	OMIM:614732	Sodium chloride	INTRAUTERINE GROWTH RETARDATION, METAPHYSEAL DYSPLASIA, ADRENAL HYPOPLASIA CONGENITA, AND GENITAL ANOMALIES; IMAGE	1
1786-OMIM:614732-NQX9KB6PCL	UNII:NQX9KB6PCL	OMIM:614732	Somatotropin	INTRAUTERINE GROWTH RETARDATION, METAPHYSEAL DYSPLASIA, ADRENAL HYPOPLASIA CONGENITA, AND GENITAL ANOMALIES; IMAGE	1
1786-ORPHA:813-2YHB6175DO	UNII:2YHB6175DO	OMIM:1786-ORPHA:813	Cyproheptadine	Silver-Russell syndrome	2
1786-ORPHA:813-NQX9KB6PCL	UNII:NQX9KB6PCL	OMIM:1786-ORPHA:813	Somatotropin	Silver-Russell syndrome	2
17967-OMIM:607676-66Y330CJHS	UNII:66Y330CJHS	OMIM:607676	Human immunoglobulin G	IMMUNODEFICIENCY 67	5
17996-OMIM:237310-5L0HB4V1EW	UNII:5L0HB4V1EW	OMIM:237310	Carglumic acid	N-ACETYLGLUTAMATE SYNTHASE DEFICIENCY; NAGSD	18
17996-OMIM:237310-7WY7YBI87E-ZH6F1VCV7B	UNII:7WY7YBI87E-UNII:ZH6F1VCV7B	OMIM:237310	Phenylbutyric acid-Glycerol phenylbutyrate	N-ACETYLGLUTAMATE SYNTHASE DEFICIENCY; NAGSD	18
17996-OMIM:237310-8SKN0B0MIM	UNII:8SKN0B0MIM	OMIM:237310	Benzoic acid	N-ACETYLGLUTAMATE SYNTHASE DEFICIENCY; NAGSD	18
17996-OMIM:237310-94ZLA3W45F	UNII:94ZLA3W45F	OMIM:237310	Arginine	N-ACETYLGLUTAMATE SYNTHASE DEFICIENCY; NAGSD	18
17996-OMIM:237310-ER5I1W795A	UNII:ER5I1W795A	OMIM:237310	Phenylacetic acid	N-ACETYLGLUTAMATE SYNTHASE DEFICIENCY; NAGSD	18
186-OMIM:102700-66Y330CJHS	UNII:66Y330CJHS	OMIM:102700	Human immunoglobulin G	SEVERE COMBINED IMMUNODEFICIENCY, AUTOSOMAL RECESSIVE, T CELL-NEGATIVE, B CELL-NEGATIVE, NK CELL-NEGATIVE, DUE TO ADENOSINE DEAMINASE DEFICIENCY	80
186-ORPHA:39041-21K6M2I7AG	UNII:21K6M2I7AG	OMIM:186-ORPHA:39041	Interferon gamma-1b	Omenn syndrome	22
186-ORPHA:39041-66Y330CJHS	UNII:66Y330CJHS	OMIM:186-ORPHA:39041	Human immunoglobulin G	Omenn syndrome	22
186-ORPHA:39041-83HN0GTJ6D	UNII:83HN0GTJ6D	OMIM:186-ORPHA:39041	Cyclosporine	Omenn syndrome	22
1884-OMIM:219700-1Y17CTI5SR	UNII:1Y17CTI5SR	OMIM:219700	Insulin human	CYSTIC FIBROSIS	100
1884-OMIM:219700-451W47IQ8X	UNII:451W47IQ8X	OMIM:219700	Sodium chloride	CYSTIC FIBROSIS	100
1884-OMIM:219700-F43I396OIS	UNII:F43I396OIS	OMIM:219700	Alpha-1-proteinase inhibitor	CYSTIC FIBROSIS	100
18865-OMIM:614959-2MRO291B4U	UNII:2MRO291B4U	OMIM:614959	Clobazam	EPILEPTIC ENCEPHALOPATHY, EARLY INFANTILE, 14; EIEE14	15
18865-OMIM:614959-5PE9FDE8GB	UNII:5PE9FDE8GB	OMIM:614959	Clonazepam	EPILEPTIC ENCEPHALOPATHY, EARLY INFANTILE, 14; EIEE14	15
18865-OMIM:614959-9CLV70W7HS	UNII:9CLV70W7HS	OMIM:614959	Nitrazepam	EPILEPTIC ENCEPHALOPATHY, EARLY INFANTILE, 14; EIEE14	15
18865-OMIM:614959-ITX08688JL-6CW7F3G59X	UNII:ITX08688JL-UNII:6CW7F3G59X	OMIM:614959	Quinidine-Gabapentin	EPILEPTIC ENCEPHALOPATHY, EARLY INFANTILE, 14; EIEE14	15
18865-OMIM:614959-Q3JTX2Q7TU	UNII:Q3JTX2Q7TU	OMIM:614959	Diazepam	EPILEPTIC ENCEPHALOPATHY, EARLY INFANTILE, 14; EIEE14	15
18865-OMIM:614959-R02XOT8V8I	UNII:R02XOT8V8I	OMIM:614959	Stiripentol	EPILEPTIC ENCEPHALOPATHY, EARLY INFANTILE, 14; EIEE14	15
18865-OMIM:614959-R60L0SM5BC	UNII:R60L0SM5BC	OMIM:614959	Midazolam	EPILEPTIC ENCEPHALOPATHY, EARLY INFANTILE, 14; EIEE14	15
18865-OMIM:615005-44YRR34555	UNII:44YRR34555	OMIM:615005	Levetiracetam	EPILEPSY, NOCTURNAL FRONTAL LOBE, 5; ENFL5	2
18865-OMIM:615005-ITX08688JL	UNII:ITX08688JL	OMIM:615005	Quinidine	EPILEPSY, NOCTURNAL FRONTAL LOBE, 5; ENFL5	2
18871-OMIM:251100-0G389FZZ9M	UNII:0G389FZZ9M	OMIM:251100	Levocarnitine	METHYLMALONIC ACIDURIA, cblA TYPE	6
18871-OMIM:251100-140QMO216E	UNII:140QMO216E	OMIM:251100	Metronidazole	METHYLMALONIC ACIDURIA, cblA TYPE	6
18871-OMIM:251100-5L0HB4V1EW	UNII:5L0HB4V1EW	OMIM:251100	Carglumic acid	METHYLMALONIC ACIDURIA, cblA TYPE	6
18871-OMIM:251100-Q40X8H422O	UNII:Q40X8H422O	OMIM:251100	Hydroxocobalamin	METHYLMALONIC ACIDURIA, cblA TYPE	6
19041-OMIM:615573-9G64RSX1XD	UNII:9G64RSX1XD	OMIM:615573	Captopril	NEPHROTIC SYNDROME, TYPE 9	6
1912-OMIM:254210-19QM69HH21	UNII:19QM69HH21	OMIM:254210	Pyridostigmine	MYASTHENIC SYNDROME, CONGENITAL, 6, PRESYNAPTIC	4
1912-OMIM:254210-QF8SVZ843E	UNII:QF8SVZ843E	OMIM:254210	Salbutamol	MYASTHENIC SYNDROME, CONGENITAL, 6, PRESYNAPTIC	4
1912-OMIM:254210-RU4S6E2G0J	UNII:RU4S6E2G0J	OMIM:254210	Amifampridine	MYASTHENIC SYNDROME, CONGENITAL, 6, PRESYNAPTIC	4
19129-OMIM:610992-452VLY9402	UNII:452VLY9402	OMIM:610992	Serine	PHOSPHOSERINE AMINOTRANSFERASE DEFICIENCY; PSATD	8
19129-OMIM:610992-TE7660XO1C	UNII:TE7660XO1C	OMIM:610992	Glycine	PHOSPHOSERINE AMINOTRANSFERASE DEFICIENCY; PSATD	8
19331-OMIM:251110-0G389FZZ9M	UNII:0G389FZZ9M	OMIM:251110	Levocarnitine	METHYLMALONIC ACIDURIA, cblB TYPE	5
19331-OMIM:251110-140QMO216E	UNII:140QMO216E	OMIM:251110	Metronidazole	METHYLMALONIC ACIDURIA, cblB TYPE	5
19331-OMIM:251110-5L0HB4V1EW	UNII:5L0HB4V1EW	OMIM:251110	Carglumic acid	METHYLMALONIC ACIDURIA, cblB TYPE	5
19331-OMIM:251110-8SKN0B0MIM	UNII:8SKN0B0MIM	OMIM:251110	Benzoic acid	METHYLMALONIC ACIDURIA, cblB TYPE	5
19331-OMIM:251110-Q40X8H422O	UNII:Q40X8H422O	OMIM:251110	Hydroxocobalamin	METHYLMALONIC ACIDURIA, cblB TYPE	5
1955-OMIM:601462-01K63SUP8D	UNII:01K63SUP8D	OMIM:601462	Fluoxetine	MYASTHENIC SYNDROME, CONGENITAL, 1A, SLOW-CHANNEL; CMS1A	1
1955-OMIM:601462-ITX08688JL	UNII:ITX08688JL	OMIM:601462	Quinidine	MYASTHENIC SYNDROME, CONGENITAL, 1A, SLOW-CHANNEL; CMS1A	1
1955-OMIM:608930-19QM69HH21	UNII:19QM69HH21	OMIM:608930	Pyridostigmine	MYASTHENIC SYNDROME, CONGENITAL, 1B, FAST-CHANNEL; CMS1B	2
1955-OMIM:608930-RU4S6E2G0J	UNII:RU4S6E2G0J	OMIM:608930	Amifampridine	MYASTHENIC SYNDROME, CONGENITAL, 1B, FAST-CHANNEL; CMS1B	2
1961-OMIM:616313-01K63SUP8D	UNII:01K63SUP8D	OMIM:616313	Fluoxetine	MYASTHENIC SYNDROME, CONGENITAL, 2A, SLOW-CHANNEL; CMS2A	2
1961-OMIM:616313-ITX08688JL	UNII:ITX08688JL	OMIM:616313	Quinidine	MYASTHENIC SYNDROME, CONGENITAL, 2A, SLOW-CHANNEL; CMS2A	2
1961-OMIM:616314-19QM69HH21	UNII:19QM69HH21	OMIM:616314	Pyridostigmine	MYASTHENIC SYNDROME, CONGENITAL, 2C, ASSOCIATED WITH ACETYLCHOLINE RECEPTOR DEFICIENCY; CMS2C	1
1961-OMIM:616314-RU4S6E2G0J	UNII:RU4S6E2G0J	OMIM:616314	Amifampridine	MYASTHENIC SYNDROME, CONGENITAL, 2C, ASSOCIATED WITH ACETYLCHOLINE RECEPTOR DEFICIENCY; CMS2C	1
1965-OMIM:616321-01K63SUP8D	UNII:01K63SUP8D	OMIM:616321	Fluoxetine	MYASTHENIC SYNDROME, CONGENITAL, 3A, SLOW-CHANNEL; CMS3A	2
1965-OMIM:616321-ITX08688JL	UNII:ITX08688JL	OMIM:616321	Quinidine	MYASTHENIC SYNDROME, CONGENITAL, 3A, SLOW-CHANNEL; CMS3A	2
1965-OMIM:616322-19QM69HH21	UNII:19QM69HH21	OMIM:616322	Pyridostigmine	MYASTHENIC SYNDROME, CONGENITAL, 3B, FAST-CHANNEL; CMS3B	2
1965-OMIM:616322-RU4S6E2G0J	UNII:RU4S6E2G0J	OMIM:616322	Amifampridine	MYASTHENIC SYNDROME, CONGENITAL, 3B, FAST-CHANNEL; CMS3B	2
1965-OMIM:616323-19QM69HH21	UNII:19QM69HH21	OMIM:616323	Pyridostigmine	MYASTHENIC SYNDROME, CONGENITAL, 3C, ASSOCIATED WITH ACETYLCHOLINE RECEPTOR DEFICIENCY; CMS3C	1
1965-OMIM:616323-RU4S6E2G0J	UNII:RU4S6E2G0J	OMIM:616323	Amifampridine	MYASTHENIC SYNDROME, CONGENITAL, 3C, ASSOCIATED WITH ACETYLCHOLINE RECEPTOR DEFICIENCY; CMS3C	1
1966-OMIM:605809-01K63SUP8D	UNII:01K63SUP8D	OMIM:605809	Fluoxetine	MYASTHENIC SYNDROME, CONGENITAL, 4A, SLOW-CHANNEL; CMS4A	3
1966-OMIM:605809-ITX08688JL	UNII:ITX08688JL	OMIM:605809	Quinidine	MYASTHENIC SYNDROME, CONGENITAL, 4A, SLOW-CHANNEL; CMS4A	3
1966-OMIM:608931-19QM69HH21	UNII:19QM69HH21	OMIM:608931	Pyridostigmine	MYASTHENIC SYNDROME, CONGENITAL, 4C, ASSOCIATED WITH ACETYLCHOLINE RECEPTOR DEFICIENCY; CMS4C	2
1966-OMIM:608931-RU4S6E2G0J	UNII:RU4S6E2G0J	OMIM:608931	Amifampridine	MYASTHENIC SYNDROME, CONGENITAL, 4C, ASSOCIATED WITH ACETYLCHOLINE RECEPTOR DEFICIENCY; CMS4C	2
1966-OMIM:616324-19QM69HH21	UNII:19QM69HH21	OMIM:616324	Pyridostigmine	MYASTHENIC SYNDROME, CONGENITAL, 4B, FAST-CHANNEL; CMS4B	2
1966-OMIM:616324-QF8SVZ843E	UNII:QF8SVZ843E	OMIM:616324	Salbutamol	MYASTHENIC SYNDROME, CONGENITAL, 4B, FAST-CHANNEL; CMS4B	2
1966-OMIM:616324-RU4S6E2G0J	UNII:RU4S6E2G0J	OMIM:616324	Amifampridine	MYASTHENIC SYNDROME, CONGENITAL, 4B, FAST-CHANNEL; CMS4B	2
1968-OMIM:214500-46627O600J	UNII:46627O600J	OMIM:214500	Levodopa	CHEDIAK-HIGASHI SYNDROME; CHS	3
19693-OMIM:616276-0G389FZZ9M	UNII:0G389FZZ9M	OMIM:616276	Levocarnitine	COENZYME Q10 DEFICIENCY, PRIMARY, 7; COQ10D7	2
19693-OMIM:616276-EJ27X76M46	UNII:EJ27X76M46	OMIM:616276	Ubidecarenone	COENZYME Q10 DEFICIENCY, PRIMARY, 7; COQ10D7	2
19750-OMIM:243150-66Y330CJHS	UNII:66Y330CJHS	OMIM:243150	Human immunoglobulin G	GASTROINTESTINAL DEFECTS AND IMMUNODEFICIENCY SYNDROME	10
2025-OMIM:166600-1C6V77QF41	UNII:1C6V77QF41	OMIM:166600	Cholecalciferol	OSTEOPETROSIS, AUTOSOMAL DOMINANT 2; OPTA2	3
2025-OMIM:166600-SY7Q814VUP	UNII:SY7Q814VUP	OMIM:166600	Calcium	OSTEOPETROSIS, AUTOSOMAL DOMINANT 2; OPTA2	3
20862-OMIM:616721-H6EP7W5457	UNII:H6EP7W5457	OMIM:616721	Manganese	CONGENITAL DISORDER OF GLYCOSYLATION, TYPE IIn	3
20862-OMIM:616721-WHI7HQ7H85	UNII:WHI7HQ7H85	OMIM:616721	Uridine	CONGENITAL DISORDER OF GLYCOSYLATION, TYPE IIn	3
20862-OMIM:616721-X2RN3Q8DNE	UNII:X2RN3Q8DNE	OMIM:616721	Galactose	CONGENITAL DISORDER OF GLYCOSYLATION, TYPE IIn	3
21478-OMIM:615710-1Y17CTI5SR-GFX7QIS1II-2ZM8CX04RZ	UNII:1Y17CTI5SR-UNII:GFX7QIS1II-UNII:2ZM8CX04RZ	OMIM:615710	Insulin human-Insulin lispro-Insulin glargine	MITCHELL-RILEY SYNDROME	7
21497-OMIM:611126-EJ27X76M46	UNII:EJ27X76M46	OMIM:611126	Ubidecarenone	MITOCHONDRIAL COMPLEX I DEFICIENCY, NUCLEAR TYPE 20; MC1DN20	11
21497-OMIM:611126-TLM2976OFR	UNII:TLM2976OFR	OMIM:611126	Riboflavin	MITOCHONDRIAL COMPLEX I DEFICIENCY, NUCLEAR TYPE 20; MC1DN20	11
21734-OMIM:262700-WI4X0X7BPJ	UNII:WI4X0X7BPJ	OMIM:262700	Hydrocortisone	PITUITARY HORMONE DEFICIENCY, COMBINED, 4; CPHD4	1
2190-OMIM:616720-QF8SVZ843E	UNII:QF8SVZ843E	OMIM:616720	Salbutamol	MYASTHENIC SYNDROME, CONGENITAL, 19	7
2190-OMIM:616720-RU4S6E2G0J	UNII:RU4S6E2G0J	OMIM:616720	Amifampridine	MYASTHENIC SYNDROME, CONGENITAL, 19	7
2226-OMIM:603034-GN83C131XS	UNII:GN83C131XS	OMIM:603034	Ephedrine	MYASTHENIC SYNDROME, CONGENITAL, 5	7
2226-OMIM:603034-QF8SVZ843E	UNII:QF8SVZ843E	OMIM:603034	Salbutamol	MYASTHENIC SYNDROME, CONGENITAL, 5	7
23038-OMIM:277380-3SCV180C9W	UNII:3SCV180C9W	OMIM:277380	Glycine betaine	METHYLMALONIC ACIDURIA AND HOMOCYSTINURIA, cblF TYPE; MAHCF	5
23038-OMIM:277380-Q40X8H422O	UNII:Q40X8H422O	OMIM:277380	Hydroxocobalamin	METHYLMALONIC ACIDURIA AND HOMOCYSTINURIA, cblF TYPE; MAHCF	5
23151-OMIM:612840-66Y330CJHS	UNII:66Y330CJHS	OMIM:612840	Human immunoglobulin G	LEUKOCYTE ADHESION DEFICIENCY, TYPE III	4
23151-OMIM:612840-AC71R787OV	UNII:AC71R787OV	OMIM:612840	Coagulation factor VIIa Recombinant Human	LEUKOCYTE ADHESION DEFICIENCY, TYPE III	4
2321-OMIM:121300-743LRP9S7N-0WP180G15G	UNII:743LRP9S7N-UNII:0WP180G15G	OMIM:121300	Hemin-Hematin	COPROPORPHYRIA, HEREDITARY	8
2323-OMIM:237300-241ATL177A	UNII:241ATL177A	OMIM:237300	Soybean oil	CARBAMOYL PHOSPHATE SYNTHETASE I DEFICIENCY, HYPERAMMONEMIA DUE TO	22
2323-OMIM:237300-29VT07BGDA	UNII:29VT07BGDA	OMIM:237300	Citrulline	CARBAMOYL PHOSPHATE SYNTHETASE I DEFICIENCY, HYPERAMMONEMIA DUE TO	22
2323-OMIM:237300-5L0HB4V1EW	UNII:5L0HB4V1EW	OMIM:237300	Carglumic acid	CARBAMOYL PHOSPHATE SYNTHETASE I DEFICIENCY, HYPERAMMONEMIA DUE TO	22
2323-OMIM:237300-5SL0G7R0OK	UNII:5SL0G7R0OK	OMIM:237300	D-glucose	CARBAMOYL PHOSPHATE SYNTHETASE I DEFICIENCY, HYPERAMMONEMIA DUE TO	22
2323-OMIM:237300-7WY7YBI87E-ZH6F1VCV7B	UNII:7WY7YBI87E-UNII:ZH6F1VCV7B	OMIM:237300	Phenylbutyric acid-Glycerol phenylbutyrate	CARBAMOYL PHOSPHATE SYNTHETASE I DEFICIENCY, HYPERAMMONEMIA DUE TO	22
2323-OMIM:237300-8SKN0B0MIM	UNII:8SKN0B0MIM	OMIM:237300	Benzoic acid	CARBAMOYL PHOSPHATE SYNTHETASE I DEFICIENCY, HYPERAMMONEMIA DUE TO	22
2323-OMIM:237300-94ZLA3W45F	UNII:94ZLA3W45F	OMIM:237300	Arginine	CARBAMOYL PHOSPHATE SYNTHETASE I DEFICIENCY, HYPERAMMONEMIA DUE TO	22
2323-OMIM:237300-ER5I1W795A	UNII:ER5I1W795A	OMIM:237300	Phenylacetic acid	CARBAMOYL PHOSPHATE SYNTHETASE I DEFICIENCY, HYPERAMMONEMIA DUE TO	22
23287-OMIM:602473-140QMO216E	UNII:140QMO216E	OMIM:602473	Metronidazole	ENCEPHALOPATHY, ETHYLMALONIC; EE	17
23287-OMIM:602473-5SL0G7R0OK	UNII:5SL0G7R0OK	OMIM:602473	D-glucose	ENCEPHALOPATHY, ETHYLMALONIC; EE	17
23287-OMIM:602473-TLM2976OFR	UNII:TLM2976OFR	OMIM:602473	Riboflavin	ENCEPHALOPATHY, ETHYLMALONIC; EE	17
23287-OMIM:602473-WYQ7N0BPYC	UNII:WYQ7N0BPYC	OMIM:602473	Acetylcysteine	ENCEPHALOPATHY, ETHYLMALONIC; EE	17
23734-OMIM:615935-GFX7QIS1II-2ZM8CX04RZ	UNII:GFX7QIS1II-UNII:2ZM8CX04RZ	OMIM:615935	Insulin lispro-Insulin glargine	PANCREATIC AGENESIS 2; PAGEN2	3
2439-OMIM:617014-5TAA004E22	UNII:5TAA004E22	OMIM:617014	Sargramostim	NEUTROPENIA, SEVERE CONGENITAL, 7, AUTOSOMAL RECESSIVE	4
24525-OMIM:277400-0G389FZZ9M	UNII:0G389FZZ9M	OMIM:277400	Levocarnitine	METHYLMALONIC ACIDURIA AND HOMOCYSTINURIA, cblC TYPE; MAHCC	3
24525-OMIM:277400-3SCV180C9W	UNII:3SCV180C9W	OMIM:277400	Glycine betaine	METHYLMALONIC ACIDURIA AND HOMOCYSTINURIA, cblC TYPE; MAHCC	3
24525-OMIM:277400-Q40X8H422O	UNII:Q40X8H422O	OMIM:277400	Hydroxocobalamin	METHYLMALONIC ACIDURIA AND HOMOCYSTINURIA, cblC TYPE; MAHCC	3
24525-OMIM:277400-Q573I9DVLP	UNII:Q573I9DVLP	OMIM:277400	Leucovorin	METHYLMALONIC ACIDURIA AND HOMOCYSTINURIA, cblC TYPE; MAHCC	3
24671-OMIM:255100-0G389FZZ9M	UNII:0G389FZZ9M	OMIM:255100	Levocarnitine	LIPID STORAGE MYOPATHY DUE TO FLAVIN ADENINE DINUCLEOTIDE SYNTHETASE DEFICIENCY; LSMFLAD	56
24671-OMIM:255100-TLM2976OFR	UNII:TLM2976OFR	OMIM:255100	Riboflavin	LIPID STORAGE MYOPATHY DUE TO FLAVIN ADENINE DINUCLEOTIDE SYNTHETASE DEFICIENCY; LSMFLAD	56
2519-OMIM:615897-66Y330CJHS	UNII:66Y330CJHS	OMIM:615897	Human immunoglobulin G	IMMUNODEFICIENCY 24	65
25221-OMIM:277410-0G389FZZ9M	UNII:0G389FZZ9M	OMIM:277410	Levocarnitine	METHYLMALONIC ACIDURIA AND HOMOCYSTINURIA, cblD TYPE; MAHCD	3
25221-OMIM:277410-3SCV180C9W	UNII:3SCV180C9W	OMIM:277410	Glycine betaine	METHYLMALONIC ACIDURIA AND HOMOCYSTINURIA, cblD TYPE; MAHCD	3
25221-OMIM:277410-Q40X8H422O	UNII:Q40X8H422O	OMIM:277410	Hydroxocobalamin	METHYLMALONIC ACIDURIA AND HOMOCYSTINURIA, cblD TYPE; MAHCD	3
25221-OMIM:277410-Q573I9DVLP	UNII:Q573I9DVLP	OMIM:277410	Leucovorin	METHYLMALONIC ACIDURIA AND HOMOCYSTINURIA, cblD TYPE; MAHCD	3
2548-OMIM:261100-Q40X8H422O	UNII:Q40X8H422O	OMIM:261100	Hydroxocobalamin	IMERSLUND-GRASBECK SYNDROME 1	8
2561-OMIM:193670-66Y330CJHS	UNII:66Y330CJHS	OMIM:193670	Human immunoglobulin G	WHIM SYNDROME	22
2561-OMIM:193670-S915P5499N	UNII:S915P5499N	OMIM:193670	Plerixafor	WHIM SYNDROME	22
2577-OMIM:233690-21K6M2I7AG	UNII:21K6M2I7AG	OMIM:233690	Interferon gamma-1b	GRANULOMATOUS DISEASE, CHRONIC, AUTOSOMAL RECESSIVE, 4; CGD4	73
2577-OMIM:233690-83HN0GTJ6D	UNII:83HN0GTJ6D	OMIM:233690	Cyclosporine	GRANULOMATOUS DISEASE, CHRONIC, AUTOSOMAL RECESSIVE, 4; CGD4	73
2577-OMIM:233690-MRK240IY2L	UNII:MRK240IY2L	OMIM:233690	Azathioprine	GRANULOMATOUS DISEASE, CHRONIC, AUTOSOMAL RECESSIVE, 4; CGD4	73
2578-OMIM:300645-21K6M2I7AG	UNII:21K6M2I7AG	OMIM:300645	Interferon gamma-1b	IMMUNODEFICIENCY 34; IMD34	3
2578-OMIM:306400-21K6M2I7AG	UNII:21K6M2I7AG	OMIM:306400	Interferon gamma-1b	GRANULOMATOUS DISEASE, CHRONIC, X-LINKED; CGDX	77
2590-OMIM:613743-M0XW1UBI14	UNII:M0XW1UBI14	OMIM:613743	Testosterone cypionate	ADRENAL INSUFFICIENCY, CONGENITAL, WITH 46,XY SEX REVERSAL, PARTIAL OR COMPLETE	5
2590-OMIM:613743-U0476M545B	UNII:U0476M545B	OMIM:613743	Fludrocortisone	ADRENAL INSUFFICIENCY, CONGENITAL, WITH 46,XY SEX REVERSAL, PARTIAL OR COMPLETE	5
2590-OMIM:613743-WI4X0X7BPJ	UNII:WI4X0X7BPJ	OMIM:613743	Hydrocortisone	ADRENAL INSUFFICIENCY, CONGENITAL, WITH 46,XY SEX REVERSAL, PARTIAL OR COMPLETE	5
2591-OMIM:202010-U0476M545B-7S5I7G3JQL	UNII:U0476M545B-UNII:7S5I7G3JQL	OMIM:202010	Fludrocortisone-Dexamethasone	ADRENAL HYPERPLASIA, CONGENITAL, DUE TO STEROID 11-BETA-HYDROXYLASE DEFICIENCY	5
2591-OMIM:202010-WI4X0X7BPJ	UNII:WI4X0X7BPJ	OMIM:202010	Hydrocortisone	ADRENAL HYPERPLASIA, CONGENITAL, DUE TO STEROID 11-BETA-HYDROXYLASE DEFICIENCY	5
2592-OMIM:203400-451W47IQ8X	UNII:451W47IQ8X	OMIM:203400	Sodium chloride	CORTICOSTERONE METHYLOXIDASE TYPE I DEFICIENCY	15
2592-OMIM:203400-U0476M545B	UNII:U0476M545B	OMIM:203400	Fludrocortisone	CORTICOSTERONE METHYLOXIDASE TYPE I DEFICIENCY	15
2592-OMIM:610600-451W47IQ8X	UNII:451W47IQ8X	OMIM:610600	Sodium chloride	CORTICOSTERONE METHYLOXIDASE TYPE II DEFICIENCY	15
2592-OMIM:610600-U0476M545B	UNII:U0476M545B	OMIM:610600	Fludrocortisone	CORTICOSTERONE METHYLOXIDASE TYPE II DEFICIENCY	15
2600-OMIM:201910-WI4X0X7BPJ	UNII:WI4X0X7BPJ	OMIM:201910	Hydrocortisone	ADRENAL HYPERPLASIA, CONGENITAL, DUE TO 21-HYDROXYLASE DEFICIENCY	6
26594-OMIM:254300-GN83C131XS	UNII:GN83C131XS	OMIM:254300	Ephedrine	MYASTHENIC SYNDROME, CONGENITAL, 10	9
26594-OMIM:254300-QF8SVZ843E	UNII:QF8SVZ843E	OMIM:254300	Salbutamol	MYASTHENIC SYNDROME, CONGENITAL, 10	9
2698-OMIM:248600-04Y7590D77	UNII:04Y7590D77	OMIM:248600	Isoleucine	MAPLE SYRUP URINE DISEASE; MSUD	10
2698-OMIM:248600-1Y17CTI5SR	UNII:1Y17CTI5SR	OMIM:248600	Insulin human	MAPLE SYRUP URINE DISEASE; MSUD	10
2698-OMIM:248600-4ABT0J945J	UNII:4ABT0J945J	OMIM:248600	Thiamine	MAPLE SYRUP URINE DISEASE; MSUD	10
2698-OMIM:248600-5SL0G7R0OK	UNII:5SL0G7R0OK	OMIM:248600	D-glucose	MAPLE SYRUP URINE DISEASE; MSUD	10
2698-OMIM:248600-HG18B9YRS7	UNII:HG18B9YRS7	OMIM:248600	Valine	MAPLE SYRUP URINE DISEASE; MSUD	10
2719-OMIM:608643-46627O600J	UNII:46627O600J	OMIM:608643	Levodopa	AROMATIC L-AMINO ACID DECARBOXYLASE DEFICIENCY	3
2719-OMIM:608643-KV2JZ1BI6Z	UNII:KV2JZ1BI6Z	OMIM:608643	Pyridoxine	AROMATIC L-AMINO ACID DECARBOXYLASE DEFICIENCY	3
28287-OMIM:616227-19QM69HH21	UNII:19QM69HH21	OMIM:616227	Pyridostigmine	MYASTHENIC SYNDROME, CONGENITAL, 15; CMS15	3
28287-OMIM:616227-RU4S6E2G0J	UNII:RU4S6E2G0J	OMIM:616227	Amifampridine	MYASTHENIC SYNDROME, CONGENITAL, 15; CMS15	3
2843-OMIM:615863-3560D81V50	UNII:3560D81V50	OMIM:615863	Pancreatic enzyme replacement	DIARRHEA 7, PROTEIN-LOSING ENTEROPATHY TYPE	8
2843-OMIM:615863-4B33BGI082	UNII:4B33BGI082	OMIM:615863	Cholestyramine	DIARRHEA 7, PROTEIN-LOSING ENTEROPATHY TYPE	8
2843-OMIM:615863-66Y330CJHS	UNII:66Y330CJHS	OMIM:615863	Human immunoglobulin G	DIARRHEA 7, PROTEIN-LOSING ENTEROPATHY TYPE	8
2843-OMIM:615863-9VU1KI44GP	UNII:9VU1KI44GP	OMIM:615863	Vitamin D	DIARRHEA 7, PROTEIN-LOSING ENTEROPATHY TYPE	8
28510-OMIM:610199-1Y17CTI5SR	UNII:1Y17CTI5SR	OMIM:610199	Insulin human	DIABETES MELLITUS, NEONATAL, WITH CONGENITAL HYPOTHYROIDISM; NDH	3
28510-OMIM:610199-Q51BO43MG4	UNII:Q51BO43MG4	OMIM:610199	Levothyroxine	DIABETES MELLITUS, NEONATAL, WITH CONGENITAL HYPOTHYROIDISM; NDH	3
28956-OMIM:611777-ITX08688JL	UNII:ITX08688JL	OMIM:611777	Quinidine	BRUGADA SYNDROME 2	4
28956-OMIM:611777-L628TT009W	UNII:L628TT009W	OMIM:611777	Isoprenaline	BRUGADA SYNDROME 2	4
2898-OMIM:246900-9LSH52S3LQ	UNII:9LSH52S3LQ	OMIM:246900	Dichloroacetic acid	DIHYDROLIPOAMIDE DEHYDROGENASE DEFICIENCY	7
2898-OMIM:246900-TLM2976OFR	UNII:TLM2976OFR	OMIM:246900	Riboflavin	DIHYDROLIPOAMIDE DEHYDROGENASE DEFICIENCY	7
2898-OMIM:246900-VLL71EBS9Z	UNII:VLL71EBS9Z	OMIM:246900	Lipoic acid	DIHYDROLIPOAMIDE DEHYDROGENASE DEFICIENCY	7
2898-OMIM:246900-WYQ7N0BPYC	UNII:WYQ7N0BPYC	OMIM:246900	Acetylcysteine	DIHYDROLIPOAMIDE DEHYDROGENASE DEFICIENCY	7
2995-OMIM:614750-19QM69HH21	UNII:19QM69HH21	OMIM:614750	Pyridostigmine	MYASTHENIC SYNDROME, CONGENITAL, 13; CMS13	2
30224-OMIM:614707-TLM2976OFR	UNII:TLM2976OFR	OMIM:614707	Riboflavin	BROWN-VIALETTO-VAN LAERE SYNDROME 2	8
30228-OMIM:616224-19QM69HH21	UNII:19QM69HH21	OMIM:616224	Pyridostigmine	MYASTHENIC SYNDROME, CONGENITAL, 22	4
30260-OMIM:610090-F06SGE49M6	UNII:F06SGE49M6	OMIM:610090	Pyridoxal phosphate	PYRIDOXAMINE 5-PRIME-PHOSPHATE OXIDASE DEFICIENCY; PNPOD	11
30260-OMIM:610090-KV2JZ1BI6Z	UNII:KV2JZ1BI6Z	OMIM:610090	Pyridoxine	PYRIDOXAMINE 5-PRIME-PHOSPHATE OXIDASE DEFICIENCY; PNPOD	11
30260-OMIM:610090-TLM2976OFR	UNII:TLM2976OFR	OMIM:610090	Riboflavin	PYRIDOXAMINE 5-PRIME-PHOSPHATE OXIDASE DEFICIENCY; PNPOD	11
30500-OMIM:128200-33CM23913M	UNII:33CM23913M	OMIM:128200	Carbamazepine	EPISODIC KINESIGENIC DYSKINESIA 1	14
30500-OMIM:128200-VZI5B1W380	UNII:VZI5B1W380	OMIM:128200	Oxcarbazepine	EPISODIC KINESIGENIC DYSKINESIA 1	14
30500-OMIM:602066-33CM23913M	UNII:33CM23913M	OMIM:602066	Carbamazepine	CONVULSIONS, FAMILIAL INFANTILE, WITH PAROXYSMAL CHOREOATHETOSIS; ICCA	4
30500-OMIM:602066-614OI1Z5WI	UNII:614OI1Z5WI	OMIM:602066	Valproic acid	CONVULSIONS, FAMILIAL INFANTILE, WITH PAROXYSMAL CHOREOATHETOSIS; ICCA	4
30500-OMIM:602066-6158TKW0C5	UNII:6158TKW0C5	OMIM:602066	Phenytoin	CONVULSIONS, FAMILIAL INFANTILE, WITH PAROXYSMAL CHOREOATHETOSIS; ICCA	4
30500-OMIM:602066-VZI5B1W380	UNII:VZI5B1W380	OMIM:602066	Oxcarbazepine	CONVULSIONS, FAMILIAL INFANTILE, WITH PAROXYSMAL CHOREOATHETOSIS; ICCA	4
30500-OMIM:605751-33CM23913M	UNII:33CM23913M	OMIM:605751	Carbamazepine	SEIZURES, BENIGN FAMILIAL INFANTILE, 2; BFIS2	5
30500-OMIM:605751-Q3JTX2Q7TU	UNII:Q3JTX2Q7TU	OMIM:605751	Diazepam	SEIZURES, BENIGN FAMILIAL INFANTILE, 2; BFIS2	5
30500-OMIM:605751-R60L0SM5BC	UNII:R60L0SM5BC	OMIM:605751	Midazolam	SEIZURES, BENIGN FAMILIAL INFANTILE, 2; BFIS2	5
30500-OMIM:605751-VZI5B1W380	UNII:VZI5B1W380	OMIM:605751	Oxcarbazepine	SEIZURES, BENIGN FAMILIAL INFANTILE, 2; BFIS2	5
30500-ORPHA:569-33CM23913M	UNII:33CM23913M	OMIM:30500-ORPHA:569	Carbamazepine	Familial or sporadic hemiplegic migraine	2
3052-OMIM:605676-0K47UL67F2	UNII:0K47UL67F2	OMIM:605676	Carvedilol	CARDIOMYOPATHY, DILATED, WITH WOOLLY HAIR AND KERATODERMA; DCWHK	5
3052-OMIM:605676-9G64RSX1XD-69PN84IO1A	UNII:9G64RSX1XD-UNII:69PN84IO1A	OMIM:605676	Captopril-Enalapril	CARDIOMYOPATHY, DILATED, WITH WOOLLY HAIR AND KERATODERMA; DCWHK	5
3052-OMIM:605676-GEB06NHM23	UNII:GEB06NHM23	OMIM:605676	Metoprolol	CARDIOMYOPATHY, DILATED, WITH WOOLLY HAIR AND KERATODERMA; DCWHK	5
3052-OMIM:605676-N3RQ532IUT	UNII:N3RQ532IUT	OMIM:605676	Amiodarone	CARDIOMYOPATHY, DILATED, WITH WOOLLY HAIR AND KERATODERMA; DCWHK	5
3052-OMIM:607450-A6D97U294I	UNII:A6D97U294I	OMIM:607450	Sotalol	ARRHYTHMOGENIC RIGHT VENTRICULAR DYSPLASIA, FAMILIAL, 8; ARVD8	3
3052-OMIM:607450-N3RQ532IUT	UNII:N3RQ532IUT	OMIM:607450	Amiodarone	ARRHYTHMOGENIC RIGHT VENTRICULAR DYSPLASIA, FAMILIAL, 8; ARVD8	3
321-OMIM:232400-2P6O7CFW5K	UNII:2P6O7CFW5K	OMIM:232400	Triheptanoin	GLYCOGEN STORAGE DISEASE III; GSD3	18
321-OMIM:232400-O8232NY3SJ	UNII:O8232NY3SJ	OMIM:232400	Starch, corn	GLYCOGEN STORAGE DISEASE III; GSD3	18
3255-OMIM:226980-1Y17CTI5SR-2ZM8CX04RZ-D933668QVX	UNII:1Y17CTI5SR-UNII:2ZM8CX04RZ-UNII:D933668QVX	OMIM:226980	Insulin human-Insulin glargine-Insulin aspart	EPIPHYSEAL DYSPLASIA, MULTIPLE, WITH EARLY-ONSET DIABETES MELLITUS	12
329-OMIM:615120-GN83C131XS	UNII:GN83C131XS	OMIM:615120	Ephedrine	MYASTHENIC SYNDROME, CONGENITAL, 8	5
329-OMIM:615120-QF8SVZ843E	UNII:QF8SVZ843E	OMIM:615120	Salbutamol	MYASTHENIC SYNDROME, CONGENITAL, 8	5
3356-OMIM:208000-27YLU75U4W	UNII:27YLU75U4W	OMIM:208000	Phosphorus	ARTERIAL CALCIFICATION, GENERALIZED, OF INFANCY, 1	16
3356-OMIM:208000-69PN84IO1A-7Q3P4BS2FD-9G64RSX1XD	UNII:69PN84IO1A-UNII:7Q3P4BS2FD-UNII:9G64RSX1XD	OMIM:208000	Enalapril-Lisinopril-Captopril	ARTERIAL CALCIFICATION, GENERALIZED, OF INFANCY, 1	16
3356-OMIM:208000-80M03YXJ7I	UNII:80M03YXJ7I	OMIM:208000	Valsartan	ARTERIAL CALCIFICATION, GENERALIZED, OF INFANCY, 1	16
3356-OMIM:208000-9VU1KI44GP	UNII:9VU1KI44GP	OMIM:208000	Vitamin D	ARTERIAL CALCIFICATION, GENERALIZED, OF INFANCY, 1	16
3356-OMIM:208000-R16CO5Y76E	UNII:R16CO5Y76E	OMIM:208000	Acetylsalicylic acid	ARTERIAL CALCIFICATION, GENERALIZED, OF INFANCY, 1	16
3436-OMIM:278760-9VU1KI44GP	UNII:9VU1KI44GP	OMIM:278760	Vitamin D	XERODERMA PIGMENTOSUM, COMPLEMENTATION GROUP F	10
3481-OMIM:231680-0G389FZZ9M	UNII:0G389FZZ9M	OMIM:231680	Levocarnitine	MULTIPLE ACYL-CoA DEHYDROGENASE DEFICIENCY; MADD	56
3481-OMIM:231680-5SL0G7R0OK	UNII:5SL0G7R0OK	OMIM:231680	D-glucose	MULTIPLE ACYL-CoA DEHYDROGENASE DEFICIENCY; MADD	56
3481-OMIM:231680-TLM2976OFR	UNII:TLM2976OFR	OMIM:231680	Riboflavin	MULTIPLE ACYL-CoA DEHYDROGENASE DEFICIENCY; MADD	56
3481-OMIM:231680-Y9449Q51XH	UNII:Y9449Q51XH	OMIM:231680	Bezafibrate	MULTIPLE ACYL-CoA DEHYDROGENASE DEFICIENCY; MADD	56
3482-OMIM:231680-0G389FZZ9M	UNII:0G389FZZ9M	OMIM:231680	Levocarnitine	MULTIPLE ACYL-CoA DEHYDROGENASE DEFICIENCY	56
3482-OMIM:231680-5SL0G7R0OK	UNII:5SL0G7R0OK	OMIM:231680	D-glucose	MULTIPLE ACYL-CoA DEHYDROGENASE DEFICIENCY	56
3482-OMIM:231680-TLM2976OFR	UNII:TLM2976OFR	OMIM:231680	Riboflavin	MULTIPLE ACYL-CoA DEHYDROGENASE DEFICIENCY	56
3482-OMIM:231680-Y9449Q51XH	UNII:Y9449Q51XH	OMIM:231680	Bezafibrate	MULTIPLE ACYL-CoA DEHYDROGENASE DEFICIENCY	56
3483-OMIM:231680-0G389FZZ9M	UNII:0G389FZZ9M	OMIM:231680	Levocarnitine	MULTIPLE ACYL-CoA DEHYDROGENASE DEFICIENCY	56
3483-OMIM:231680-5SL0G7R0OK	UNII:5SL0G7R0OK	OMIM:231680	D-glucose	MULTIPLE ACYL-CoA DEHYDROGENASE DEFICIENCY	56
3483-OMIM:231680-TLM2976OFR	UNII:TLM2976OFR	OMIM:231680	Riboflavin	MULTIPLE ACYL-CoA DEHYDROGENASE DEFICIENCY	56
3483-OMIM:231680-Y9449Q51XH	UNII:Y9449Q51XH	OMIM:231680	Bezafibrate	MULTIPLE ACYL-CoA DEHYDROGENASE DEFICIENCY	56
3531-OMIM:613225-F7R0FBC1XD	UNII:F7R0FBC1XD	OMIM:613225	Factor XIII (human)	FACTOR XIII, A SUBUNIT, DEFICIENCY OF	6
3531-OMIM:613225-NU23Q531G1	UNII:NU23Q531G1	OMIM:613225	Catridecacog	FACTOR XIII, A SUBUNIT, DEFICIENCY OF	6
3535-OMIM:188050-5Q7ZVV76EI	UNII:5Q7ZVV76EI	OMIM:188050	Warfarin	THROMBOPHILIA DUE TO THROMBIN DEFECT; THPH1	1
3546-OMIM:306700-ENR1LLB0FP	UNII:ENR1LLB0FP	OMIM:306700	Desmopressin	HEMOPHILIA A	11
3551-OMIM:306900-27Y83O992Q	UNII:27Y83O992Q	OMIM:306900	Nonacog beta pegol	HEMOPHILIA B	23
3551-OMIM:306900-382L14738L-A57KX1VL5P	UNII:382L14738L-UNII:A57KX1VL5P	OMIM:306900	Coagulation Factor IX (Recombinant)-Albutrepenonacog alfa	HEMOPHILIA B	23
3579-OMIM:276700-47E5O17Y3R	UNII:47E5O17Y3R	OMIM:276700	Phenylalanine	TYROSINEMIA, TYPE I; TYRSN1	22
3579-OMIM:276700-K5BN214699	UNII:K5BN214699	OMIM:276700	Nitisinone	TYROSINEMIA, TYPE I; TYRSN1	22
3606-OMIM:229700-5SL0G7R0OK	UNII:5SL0G7R0OK	OMIM:229700	D-glucose	FRUCTOSE-1,6-BISPHOSPHATASE DEFICIENCY; FBP1D	9
3606-OMIM:229700-O8232NY3SJ	UNII:O8232NY3SJ	OMIM:229700	Starch, corn	FRUCTOSE-1,6-BISPHOSPHATASE DEFICIENCY; FBP1D	9
4021-OMIM:617526-EH28UP18IF	UNII:EH28UP18IF	OMIM:617526	Isotretinoin	ERYTHROKERATODERMIA VARIABILIS ET PROGRESSIVA 4; EKVP4	1
4056-OMIM:232200-5SL0G7R0OK	UNII:5SL0G7R0OK	OMIM:232200	D-glucose	GLYCOGEN STORAGE DISEASE Ia; GSD1A	26
4056-OMIM:232200-63CZ7GJN5I	UNII:63CZ7GJN5I	OMIM:232200	Allopurinol	GLYCOGEN STORAGE DISEASE Ia; GSD1A	26
4056-OMIM:232200-86R1NVR0HW	UNII:86R1NVR0HW	OMIM:232200	Potassium citrate	GLYCOGEN STORAGE DISEASE Ia; GSD1A	26
4056-OMIM:232200-O8232NY3SJ	UNII:O8232NY3SJ	OMIM:232200	Starch, corn	GLYCOGEN STORAGE DISEASE Ia; GSD1A	26
4061-OMIM:232220-63CZ7GJN5I	UNII:63CZ7GJN5I	OMIM:232220	Allopurinol	GLYCOGEN STORAGE DISEASE Ib; GSD1B	25
4061-OMIM:232220-HDC1R2M35U	UNII:HDC1R2M35U	OMIM:232220	Empagliflozin	GLYCOGEN STORAGE DISEASE Ib; GSD1B	25
4061-OMIM:232220-O8232NY3SJ	UNII:O8232NY3SJ	OMIM:232220	Starch, corn	GLYCOGEN STORAGE DISEASE Ib; GSD1B	25
4061-OMIM:232220-PVI5M0M1GW	UNII:PVI5M0M1GW	OMIM:232220	Filgrastim	GLYCOGEN STORAGE DISEASE Ib; GSD1B	25
4065-OMIM:232300-DTI67O9503	UNII:DTI67O9503	OMIM:232300	Alglucosidase alfa	GLYCOGEN STORAGE DISEASE II; GSD2	100
4136-OMIM:612736-E524N2IXA3	UNII:E524N2IXA3	OMIM:612736	Ornithine	CEREBRAL CREATINE DEFICIENCY SYNDROME 2	9
4136-OMIM:612736-MU72812GK0	UNII:MU72812GK0	OMIM:612736	Creatine	CEREBRAL CREATINE DEFICIENCY SYNDROME 2	9
4170-ORPHA:79277-9VU1KI44GP	UNII:9VU1KI44GP	OMIM:4170-ORPHA:79277	Vitamin D	Congenital erythropoietic porphyria	3
4189-OMIM:231670-0G389FZZ9M	UNII:0G389FZZ9M	OMIM:231670	Levocarnitine	GLUTARIC ACIDEMIA I; GA1	15
4189-OMIM:231670-5SL0G7R0OK	UNII:5SL0G7R0OK	OMIM:231670	D-glucose	GLUTARIC ACIDEMIA I; GA1	15
4193-OMIM:128230-46627O600J	UNII:46627O600J	OMIM:128230	Levodopa	DYSTONIA, DOPA-RESPONSIVE; DRD	4
4193-OMIM:128230-KR87B45RGH	UNII:KR87B45RGH	OMIM:128230	Carbidopa	DYSTONIA, DOPA-RESPONSIVE; DRD	4
4193-OMIM:233910-46627O600J	UNII:46627O600J	OMIM:233910	Levodopa	HYPERPHENYLALANINEMIA, BH4-DEFICIENT, B; HPABH4B	2
4193-OMIM:233910-762OS3ZEJU	UNII:762OS3ZEJU	OMIM:233910	Benserazide	HYPERPHENYLALANINEMIA, BH4-DEFICIENT, B; HPABH4B	2
4195-OMIM:602485-0G3DE8943Y	UNII:0G3DE8943Y	OMIM:602485	Lanreotide	HYPERINSULINEMIC HYPOGLYCEMIA, FAMILIAL, 3	6
4195-OMIM:602485-5SL0G7R0OK	UNII:5SL0G7R0OK	OMIM:602485	D-glucose	HYPERINSULINEMIC HYPOGLYCEMIA, FAMILIAL, 3	6
4195-OMIM:602485-76LA80IG2G	UNII:76LA80IG2G	OMIM:602485	Glucagon	HYPERINSULINEMIC HYPOGLYCEMIA, FAMILIAL, 3	6
4195-OMIM:602485-AD4J2O47FQ	UNII:AD4J2O47FQ	OMIM:602485	Dasiglucagon	HYPERINSULINEMIC HYPOGLYCEMIA, FAMILIAL, 3	6
4195-OMIM:602485-O5CB12L4FN	UNII:O5CB12L4FN	OMIM:602485	Diazoxide	HYPERINSULINEMIC HYPOGLYCEMIA, FAMILIAL, 3	6
4195-OMIM:602485-O8232NY3SJ	UNII:O8232NY3SJ	OMIM:602485	Starch, corn	HYPERINSULINEMIC HYPOGLYCEMIA, FAMILIAL, 3	6
4195-OMIM:602485-RWM8CCW8GP	UNII:RWM8CCW8GP	OMIM:602485	Octreotide	HYPERINSULINEMIC HYPOGLYCEMIA, FAMILIAL, 3	6
4195-OMIM:606176-1Y17CTI5SR	UNII:1Y17CTI5SR	OMIM:606176	Insulin human	DIABETES MELLITUS, PERMANENT NEONATAL, 1	4
4195-OMIM:606176-SX6K58TVWC	UNII:SX6K58TVWC	OMIM:606176	Glyburide	DIABETES MELLITUS, PERMANENT NEONATAL, 1	4
4241-OMIM:610542-19QM69HH21	UNII:19QM69HH21	OMIM:610542	Pyridostigmine	MYASTHENIC SYNDROME, CONGENITAL, 12	6
4241-OMIM:610542-QF8SVZ843E	UNII:QF8SVZ843E	OMIM:610542	Salbutamol	MYASTHENIC SYNDROME, CONGENITAL, 12	6
4241-OMIM:610542-RU4S6E2G0J	UNII:RU4S6E2G0J	OMIM:610542	Amifampridine	MYASTHENIC SYNDROME, CONGENITAL, 12	6
4326-OMIM:149400-5PE9FDE8GB	UNII:5PE9FDE8GB	OMIM:149400	Clonazepam	HYPEREKPLEXIA 1	18
4329-OMIM:614619-5PE9FDE8GB	UNII:5PE9FDE8GB	OMIM:614619	Clonazepam	HYPEREKPLEXIA 2	11
4335-OMIM:606762-0G3DE8943Y	UNII:0G3DE8943Y	OMIM:606762	Lanreotide	HYPERINSULINEMIC HYPOGLYCEMIA, FAMILIAL, 6; HHF6	39
4335-OMIM:606762-5SL0G7R0OK	UNII:5SL0G7R0OK	OMIM:606762	D-glucose	HYPERINSULINEMIC HYPOGLYCEMIA, FAMILIAL, 6; HHF6	39
4335-OMIM:606762-76LA80IG2G	UNII:76LA80IG2G	OMIM:606762	Glucagon	HYPERINSULINEMIC HYPOGLYCEMIA, FAMILIAL, 6; HHF6	39
4335-OMIM:606762-AD4J2O47FQ	UNII:AD4J2O47FQ	OMIM:606762	Dasiglucagon	HYPERINSULINEMIC HYPOGLYCEMIA, FAMILIAL, 6; HHF6	39
4335-OMIM:606762-O5CB12L4FN	UNII:O5CB12L4FN	OMIM:606762	Diazoxide	HYPERINSULINEMIC HYPOGLYCEMIA, FAMILIAL, 6; HHF6	39
4335-OMIM:606762-O8232NY3SJ	UNII:O8232NY3SJ	OMIM:606762	Starch, corn	HYPERINSULINEMIC HYPOGLYCEMIA, FAMILIAL, 6; HHF6	39
4335-OMIM:606762-RWM8CCW8GP	UNII:RWM8CCW8GP	OMIM:606762	Octreotide	HYPERINSULINEMIC HYPOGLYCEMIA, FAMILIAL, 6; HHF6	39
438-OMIM:241500-Z633861EIM	UNII:Z633861EIM	OMIM:241500	Asfotase alfa	HYPOPHOSPHATASIA, INFANTILE	15
438-OMIM:241510-Z633861EIM	UNII:Z633861EIM	OMIM:241510	Asfotase alfa	HYPOPHOSPHATASIA, CHILDHOOD	17
4433-OMIM:618721-452VLY9402	UNII:452VLY9402	OMIM:618721	Serine	EPILEPTIC ENCEPHALOPATHY, EARLY INFANTILE, 82; EIEE82	1
4433-OMIM:618721-KV2JZ1BI6Z	UNII:KV2JZ1BI6Z	OMIM:618721	Pyridoxine	EPILEPTIC ENCEPHALOPATHY, EARLY INFANTILE, 82; EIEE82	1
4585-OMIM:245570-0H73WJJ391	UNII:0H73WJJ391	OMIM:245570	Topiramate	EPILEPSY, FOCAL, WITH SPEECH DISORDER AND WITH OR WITHOUT MENTAL RETARDATION; FESD	5
4585-OMIM:245570-44YRR34555	UNII:44YRR34555	OMIM:245570	Levetiracetam	EPILEPSY, FOCAL, WITH SPEECH DISORDER AND WITH OR WITHOUT MENTAL RETARDATION; FESD	5
4585-OMIM:245570-5PE9FDE8GB	UNII:5PE9FDE8GB	OMIM:245570	Clonazepam	EPILEPSY, FOCAL, WITH SPEECH DISORDER AND WITH OR WITHOUT MENTAL RETARDATION; FESD	5
4585-OMIM:245570-5SEH9X1D1D	UNII:5SEH9X1D1D	OMIM:245570	Ethosuximide	EPILEPSY, FOCAL, WITH SPEECH DISORDER AND WITH OR WITHOUT MENTAL RETARDATION; FESD	5
4585-OMIM:245570-7355X3ROTS	UNII:7355X3ROTS	OMIM:245570	Dextromethorphan	EPILEPSY, FOCAL, WITH SPEECH DISORDER AND WITH OR WITHOUT MENTAL RETARDATION; FESD	5
4585-OMIM:245570-I00Q766CZ2	UNII:I00Q766CZ2	OMIM:245570	Sulthiame	EPILEPSY, FOCAL, WITH SPEECH DISORDER AND WITH OR WITHOUT MENTAL RETARDATION; FESD	5
4585-OMIM:245570-M0Q7802G2B	UNII:M0Q7802G2B	OMIM:245570	Benzodiazepine	EPILEPSY, FOCAL, WITH SPEECH DISORDER AND WITH OR WITHOUT MENTAL RETARDATION; FESD	5
4696-OMIM:253220-7XZ4062R17	UNII:7XZ4062R17	OMIM:253220	Vestronidase alfa	MUCOPOLYSACCHARIDOSIS, TYPE VII	5
4799-OMIM:609975-0G3DE8943Y	UNII:0G3DE8943Y	OMIM:609975	Lanreotide	HYPERINSULINEMIC HYPOGLYCEMIA, FAMILIAL, 4	36
4799-OMIM:609975-5SL0G7R0OK	UNII:5SL0G7R0OK	OMIM:609975	D-glucose	HYPERINSULINEMIC HYPOGLYCEMIA, FAMILIAL, 4	36
4799-OMIM:609975-76LA80IG2G	UNII:76LA80IG2G	OMIM:609975	Glucagon	HYPERINSULINEMIC HYPOGLYCEMIA, FAMILIAL, 4	36
4799-OMIM:609975-77W477J15H	UNII:77W477J15H	OMIM:609975	Chlorothiazide	HYPERINSULINEMIC HYPOGLYCEMIA, FAMILIAL, 4	36
4799-OMIM:609975-O5CB12L4FN	UNII:O5CB12L4FN	OMIM:609975	Diazoxide	HYPERINSULINEMIC HYPOGLYCEMIA, FAMILIAL, 4	36
4799-OMIM:609975-RWM8CCW8GP	UNII:RWM8CCW8GP	OMIM:609975	Octreotide	HYPERINSULINEMIC HYPOGLYCEMIA, FAMILIAL, 4	36
4801-OMIM:609015-0G389FZZ9M	UNII:0G389FZZ9M	OMIM:609015	Levocarnitine	MITOCHONDRIAL TRIFUNCTIONAL PROTEIN DEFICIENCY; MTPD	7
4801-OMIM:609015-2P6O7CFW5K	UNII:2P6O7CFW5K	OMIM:609015	Triheptanoin	MITOCHONDRIAL TRIFUNCTIONAL PROTEIN DEFICIENCY; MTPD	7
4801-OMIM:609015-C9H2L21V7U	UNII:C9H2L21V7U	OMIM:609015	Medium-chain triglycerides	MITOCHONDRIAL TRIFUNCTIONAL PROTEIN DEFICIENCY; MTPD	7
4801-OMIM:609016-0G389FZZ9M	UNII:0G389FZZ9M	OMIM:609016	Levocarnitine	LONG-CHAIN 3-HYDROXYACYL-CoA DEHYDROGENASE DEFICIENCY	37
4801-OMIM:609016-2P6O7CFW5K	UNII:2P6O7CFW5K	OMIM:609016	Triheptanoin	LONG-CHAIN 3-HYDROXYACYL-CoA DEHYDROGENASE DEFICIENCY	37
4801-OMIM:609016-C9H2L21V7U	UNII:C9H2L21V7U	OMIM:609016	Medium-chain triglycerides	LONG-CHAIN 3-HYDROXYACYL-CoA DEHYDROGENASE DEFICIENCY	37
4801-OMIM:609016-ZAD9OKH9JC	UNII:ZAD9OKH9JC	OMIM:609016	Doconexent	LONG-CHAIN 3-HYDROXYACYL-CoA DEHYDROGENASE DEFICIENCY	37
4803-OMIM:609015-2P6O7CFW5K	UNII:2P6O7CFW5K	OMIM:609015	Triheptanoin	MITOCHONDRIAL TRIFUNCTIONAL PROTEIN DEFICIENCY	20
4803-OMIM:609015-5SL0G7R0OK	UNII:5SL0G7R0OK	OMIM:609015	D-glucose	MITOCHONDRIAL TRIFUNCTIONAL PROTEIN DEFICIENCY	20
4877-OMIM:182230-883WKN7W8X	UNII:883WKN7W8X	OMIM:182230	Cortisone acetate	SEPTOOPTIC DYSPLASIA	5
4877-OMIM:182230-NQX9KB6PCL	UNII:NQX9KB6PCL	OMIM:182230	Somatotropin	SEPTOOPTIC DYSPLASIA	5
4877-OMIM:182230-Q51BO43MG4	UNII:Q51BO43MG4	OMIM:182230	Levothyroxine	SEPTOOPTIC DYSPLASIA	5
4877-OMIM:182230-WI4X0X7BPJ	UNII:WI4X0X7BPJ	OMIM:182230	Hydrocortisone	SEPTOOPTIC DYSPLASIA	5
4883-OMIM:235400-9G64RSX1XD	UNII:9G64RSX1XD	OMIM:235400	Captopril	HEMOLYTIC UREMIC SYNDROME, ATYPICAL, SUSCEPTIBILITY TO, 1	8
4883-OMIM:235400-A3ULP0F556	UNII:A3ULP0F556	OMIM:235400	Eculizumab	HEMOLYTIC UREMIC SYNDROME, ATYPICAL, SUSCEPTIBILITY TO, 1	8
4888-OMIM:235400-9G64RSX1XD	UNII:9G64RSX1XD	OMIM:235400	Captopril	HEMOLYTIC UREMIC SYNDROME, ATYPICAL, SUSCEPTIBILITY TO, 1	8
4888-OMIM:235400-A3ULP0F556	UNII:A3ULP0F556	OMIM:235400	Eculizumab	HEMOLYTIC UREMIC SYNDROME, ATYPICAL, SUSCEPTIBILITY TO, 1	8
4888-OMIM:235400-VB0R961HZT-7S5I7G3JQL	UNII:VB0R961HZT-UNII:7S5I7G3JQL	OMIM:235400	Prednisone-Dexamethasone	HEMOLYTIC UREMIC SYNDROME, ATYPICAL, SUSCEPTIBILITY TO, 1	8
4976-OMIM:253270-0G389FZZ9M	UNII:0G389FZZ9M	OMIM:253270	Levocarnitine	HOLOCARBOXYLASE SYNTHETASE DEFICIENCY	7
4976-OMIM:253270-6SO6U10H04	UNII:6SO6U10H04	OMIM:253270	Biotin	HOLOCARBOXYLASE SYNTHETASE DEFICIENCY	7
5005-OMIM:246450-0G389FZZ9M	UNII:0G389FZZ9M	OMIM:246450	Levocarnitine	3-HYDROXY-3-METHYLGLUTARYL-CoA LYASE DEFICIENCY	7
5022-ORPHA:657-5SL0G7R0OK	UNII:5SL0G7R0OK	OMIM:5022-ORPHA:657	D-glucose	Congenital isolated hyperinsulinism	2
5022-ORPHA:657-77W477J15H	UNII:77W477J15H	OMIM:5022-ORPHA:657	Chlorothiazide	Congenital isolated hyperinsulinism	2
5022-ORPHA:657-O5CB12L4FN	UNII:O5CB12L4FN	OMIM:5022-ORPHA:657	Diazoxide	Congenital isolated hyperinsulinism	2
5022-ORPHA:95494-ENR1LLB0FP	UNII:ENR1LLB0FP	OMIM:5022-ORPHA:95494	Desmopressin	Combined pituitary hormone deficiencies, genetic forms	3
5022-ORPHA:95494-NQX9KB6PCL	UNII:NQX9KB6PCL	OMIM:5022-ORPHA:95494	Somatotropin	Combined pituitary hormone deficiencies, genetic forms	3
5022-ORPHA:95494-Q51BO43MG4	UNII:Q51BO43MG4	OMIM:5022-ORPHA:95494	Levothyroxine	Combined pituitary hormone deficiencies, genetic forms	3
5022-ORPHA:95494-WI4X0X7BPJ	UNII:WI4X0X7BPJ	OMIM:5022-ORPHA:95494	Hydrocortisone	Combined pituitary hormone deficiencies, genetic forms	3
5024-OMIM:125850-1Y17CTI5SR	UNII:1Y17CTI5SR	OMIM:125850	Insulin human	MATURITY-ONSET DIABETES OF THE YOUNG, TYPE 1	4
5024-OMIM:125850-6KY687524K	UNII:6KY687524K	OMIM:125850	Glimepiride	MATURITY-ONSET DIABETES OF THE YOUNG, TYPE 1	4
5024-OMIM:125850-SX6K58TVWC	UNII:SX6K58TVWC	OMIM:125850	Glyburide	MATURITY-ONSET DIABETES OF THE YOUNG, TYPE 1	4
5024-OMIM:616026-1C6V77QF41	UNII:1C6V77QF41	OMIM:616026	Cholecalciferol	FANCONI RENOTUBULAR SYNDROME 4 WITH MATURITY-ONSET DIABETES OF THE YOUNG; FRTS4	2
5024-OMIM:616026-O5CB12L4FN	UNII:O5CB12L4FN	OMIM:616026	Diazoxide	FANCONI RENOTUBULAR SYNDROME 4 WITH MATURITY-ONSET DIABETES OF THE YOUNG; FRTS4	2
5024-OMIM:616026-SY7Q814VUP	UNII:SY7Q814VUP	OMIM:616026	Calcium	FANCONI RENOTUBULAR SYNDROME 4 WITH MATURITY-ONSET DIABETES OF THE YOUNG; FRTS4	2
5024-ORPHA:263455-77W477J15H	UNII:77W477J15H	OMIM:5024-ORPHA:263455	Chlorothiazide	Hyperinsulinism due to HNF4A deficiency	4
5024-ORPHA:263455-O5CB12L4FN	UNII:O5CB12L4FN	OMIM:5024-ORPHA:263455	Diazoxide	Hyperinsulinism due to HNF4A deficiency	4
5147-OMIM:140350-PQ6CK8PD0R	UNII:PQ6CK8PD0R	OMIM:140350	Ascorbic acid	HAWKINSINURIA	10
5147-OMIM:140350-WYQ7N0BPYC	UNII:WYQ7N0BPYC	OMIM:140350	Acetylcysteine	HAWKINSINURIA	10
5147-OMIM:276710-PQ6CK8PD0R	UNII:PQ6CK8PD0R	OMIM:276710	Ascorbic acid	TYROSINEMIA, TYPE III	8
5218-OMIM:201810-U0476M545B	UNII:U0476M545B	OMIM:201810	Fludrocortisone	ADRENAL HYPERPLASIA, CONGENITAL, DUE TO 3-BETA-HYDROXYSTEROID DEHYDROGENASE 2 DEFICIENCY	2
5218-OMIM:201810-WI4X0X7BPJ	UNII:WI4X0X7BPJ	OMIM:201810	Hydrocortisone	ADRENAL HYPERPLASIA, CONGENITAL, DUE TO 3-BETA-HYDROXYSTEROID DEHYDROGENASE 2 DEFICIENCY	2
5391-OMIM:607014-WP58SVM6R4	UNII:WP58SVM6R4	OMIM:607014	Laronidase	HURLER SYNDROME	81
5391-OMIM:607015-WP58SVM6R4	UNII:WP58SVM6R4	OMIM:607015	Laronidase	HURLER-SCHEIE SYNDROME	81
5391-OMIM:607016-WP58SVM6R4	UNII:WP58SVM6R4	OMIM:607016	Laronidase	SCHEIE SYNDROME	81
5394-OMIM:612923-9G64RSX1XD	UNII:9G64RSX1XD	OMIM:612923	Captopril	HEMOLYTIC UREMIC SYNDROME, ATYPICAL, SUSCEPTIBILITY TO, 3	8
5394-OMIM:612923-A3ULP0F556	UNII:A3ULP0F556	OMIM:612923	Eculizumab	HEMOLYTIC UREMIC SYNDROME, ATYPICAL, SUSCEPTIBILITY TO, 3	8
5541-OMIM:601495-66Y330CJHS	UNII:66Y330CJHS	OMIM:601495	Human immunoglobulin G	AGAMMAGLOBULINEMIA 1, AUTOSOMAL RECESSIVE	9
5870-OMIM:613500-66Y330CJHS	UNII:66Y330CJHS	OMIM:613500	Human immunoglobulin G	AGAMMAGLOBULINEMIA 2, AUTOSOMAL RECESSIVE	3
59-OMIM:256450-76LA80IG2G	UNII:76LA80IG2G	OMIM:256450	Glucagon	HYPERINSULINEMIC HYPOGLYCEMIA, FAMILIAL, 1	4
59-OMIM:256450-AD4J2O47FQ	UNII:AD4J2O47FQ	OMIM:256450	Dasiglucagon	HYPERINSULINEMIC HYPOGLYCEMIA, FAMILIAL, 1	4
59-OMIM:256450-O5CB12L4FN	UNII:O5CB12L4FN	OMIM:256450	Diazoxide	HYPERINSULINEMIC HYPOGLYCEMIA, FAMILIAL, 1	4
59-OMIM:618857-1Y17CTI5SR	UNII:1Y17CTI5SR	OMIM:618857	Insulin human	DIABETES MELLITUS, PERMANENT NEONATAL, 3	7
59-OMIM:618857-982XCM1FOI	UNII:982XCM1FOI	OMIM:618857	Tolbutamide	DIABETES MELLITUS, PERMANENT NEONATAL, 3	7
59-OMIM:618857-SX6K58TVWC	UNII:SX6K58TVWC	OMIM:618857	Glyburide	DIABETES MELLITUS, PERMANENT NEONATAL, 3	7
5964-OMIM:613148-B72HH48FLU	UNII:B72HH48FLU	OMIM:613148	Infliximab	INFLAMMATORY BOWEL DISEASE 28, AUTOSOMAL RECESSIVE	42
5965-OMIM:612567-B72HH48FLU	UNII:B72HH48FLU	OMIM:612567	Infliximab	INFLAMMATORY BOWEL DISEASE 25, AUTOSOMAL RECESSIVE	42
60-ORPHA:130-L628TT009W	UNII:L628TT009W	OMIM:60-ORPHA:130	Isoprenaline	Brugada syndrome	9
6010-OMIM:312863-66Y330CJHS	UNII:66Y330CJHS	OMIM:312863	Human immunoglobulin G	COMBINED IMMUNODEFICIENCY, X-LINKED	5
6010-OMIM:312863-724L30Y2QR	UNII:724L30Y2QR	OMIM:312863	Ursodeoxycholic acid	COMBINED IMMUNODEFICIENCY, X-LINKED	5
6010-OMIM:312863-J2KLZ20U1M	UNII:J2KLZ20U1M	OMIM:312863	Azithromycin	COMBINED IMMUNODEFICIENCY, X-LINKED	5
6081-OMIM:618858-1Y17CTI5SR	UNII:1Y17CTI5SR	OMIM:618858	Insulin human	DIABETES MELLITUS, PERMANENT NEONATAL 4; PNDM4	4
6106-OMIM:304790-4F4X42SYQ6	UNII:4F4X42SYQ6	OMIM:304790	Rituximab	IMMUNODYSREGULATION, POLYENDOCRINOPATHY, AND ENTEROPATHY, X-LINKED	13
6106-OMIM:304790-Q51BO43MG4	UNII:Q51BO43MG4	OMIM:304790	Levothyroxine	IMMUNODYSREGULATION, POLYENDOCRINOPATHY, AND ENTEROPATHY, X-LINKED	13
6186-OMIM:243500-0G389FZZ9M	UNII:0G389FZZ9M	OMIM:243500	Levocarnitine	ISOVALERIC ACIDEMIA; IVA	8
6186-OMIM:243500-5L0HB4V1EW	UNII:5L0HB4V1EW	OMIM:243500	Carglumic acid	ISOVALERIC ACIDEMIA; IVA	8
6186-OMIM:243500-TE7660XO1C	UNII:TE7660XO1C	OMIM:243500	Glycine	ISOVALERIC ACIDEMIA; IVA	8
6193-OMIM:600802-66Y330CJHS	UNII:66Y330CJHS	OMIM:600802	Human immunoglobulin G	SEVERE COMBINED IMMUNODEFICIENCY, AUTOSOMAL RECESSIVE, T CELL-NEGATIVE, B CELL-POSITIVE, NK CELL-NEGATIVE	65
6257-OMIM:601820-O5CB12L4FN	UNII:O5CB12L4FN	OMIM:601820	Diazoxide	HYPERINSULINEMIC HYPOGLYCEMIA, FAMILIAL, 2; HHF2	3
6257-OMIM:601820-RWM8CCW8GP	UNII:RWM8CCW8GP	OMIM:601820	Octreotide	HYPERINSULINEMIC HYPOGLYCEMIA, FAMILIAL, 2; HHF2	3
6257-OMIM:601820-W36ZG6FT64	UNII:W36ZG6FT64	OMIM:601820	Sirolimus	HYPERINSULINEMIC HYPOGLYCEMIA, FAMILIAL, 2; HHF2	3
6257-OMIM:610582-1Y17CTI5SR-2ZM8CX04RZ	UNII:1Y17CTI5SR-UNII:2ZM8CX04RZ	OMIM:610582	Insulin human-Insulin glargine	DIABETES MELLITUS, TRANSIENT NEONATAL, 3	4
6257-OMIM:618856-SX6K58TVWC	UNII:SX6K58TVWC	OMIM:618856	Glyburide	DIABETES MELLITUS, PERMANENT NEONATAL 2; PNDM2	12
6269-ORPHA:130-L628TT009W	UNII:L628TT009W	OMIM:6269-ORPHA:130	Isoprenaline	Brugada syndrome	9
6296-OMIM:121200-0H73WJJ391	UNII:0H73WJJ391	OMIM:121200	Topiramate	SEIZURES, BENIGN FAMILIAL NEONATAL, 1; BFNS1	32
6296-OMIM:121200-33CM23913M	UNII:33CM23913M	OMIM:121200	Carbamazepine	SEIZURES, BENIGN FAMILIAL NEONATAL, 1; BFNS1	32
6296-OMIM:121200-44YRR34555	UNII:44YRR34555	OMIM:121200	Levetiracetam	SEIZURES, BENIGN FAMILIAL NEONATAL, 1; BFNS1	32
6296-OMIM:121200-6158TKW0C5	UNII:6158TKW0C5	OMIM:121200	Phenytoin	SEIZURES, BENIGN FAMILIAL NEONATAL, 1; BFNS1	32
6296-OMIM:121200-VZI5B1W380	UNII:VZI5B1W380	OMIM:121200	Oxcarbazepine	SEIZURES, BENIGN FAMILIAL NEONATAL, 1; BFNS1	32
6296-OMIM:121200-YQE403BP4D	UNII:YQE403BP4D	OMIM:121200	Phenobarbital	SEIZURES, BENIGN FAMILIAL NEONATAL, 1; BFNS1	32
6296-OMIM:613720-0H73WJJ391	UNII:0H73WJJ391	OMIM:613720	Topiramate	EPILEPTIC ENCEPHALOPATHY, EARLY INFANTILE, 7; EIEE7	38
6296-OMIM:613720-12G01I6BBU	UNII:12G01I6BBU	OMIM:613720	Ezogabine	EPILEPTIC ENCEPHALOPATHY, EARLY INFANTILE, 7; EIEE7	38
6296-OMIM:613720-33CM23913M-563KS2PQY5	UNII:33CM23913M-UNII:563KS2PQY5	OMIM:613720	Carbamazepine-Lacosamide	EPILEPTIC ENCEPHALOPATHY, EARLY INFANTILE, 7; EIEE7	38
6296-OMIM:613720-44YRR34555	UNII:44YRR34555	OMIM:613720	Levetiracetam	EPILEPTIC ENCEPHALOPATHY, EARLY INFANTILE, 7; EIEE7	38
6296-OMIM:613720-6158TKW0C5-B4SF212641	UNII:6158TKW0C5-UNII:B4SF212641	OMIM:613720	Phenytoin-Fosphenytoin	EPILEPTIC ENCEPHALOPATHY, EARLY INFANTILE, 7; EIEE7	38
6296-OMIM:613720-GR120KRT6K	UNII:GR120KRT6K	OMIM:613720	Vigabatrin	EPILEPTIC ENCEPHALOPATHY, EARLY INFANTILE, 7; EIEE7	38
6296-OMIM:613720-K0U68Q2TXA	UNII:K0U68Q2TXA	OMIM:613720	Corticotropin	EPILEPTIC ENCEPHALOPATHY, EARLY INFANTILE, 7; EIEE7	38
6296-OMIM:613720-VZI5B1W380	UNII:VZI5B1W380	OMIM:613720	Oxcarbazepine	EPILEPTIC ENCEPHALOPATHY, EARLY INFANTILE, 7; EIEE7	38
6296-OMIM:613720-YQE403BP4D	UNII:YQE403BP4D	OMIM:613720	Phenobarbital	EPILEPTIC ENCEPHALOPATHY, EARLY INFANTILE, 7; EIEE7	38
634-OMIM:125800-7DZO8EB0Z3	UNII:7DZO8EB0Z3	OMIM:125800	Amiloride	DIABETES INSIPIDUS, NEPHROGENIC, AUTOSOMAL	9
634-OMIM:125800-RWP5GA015D	UNII:RWP5GA015D	OMIM:125800	Potassium	DIABETES INSIPIDUS, NEPHROGENIC, AUTOSOMAL	9
634-OMIM:125800-WK2XYI10QM	UNII:WK2XYI10QM	OMIM:125800	Ibuprofen	DIABETES INSIPIDUS, NEPHROGENIC, AUTOSOMAL	9
634-OMIM:125800-XXE1CET956	UNII:XXE1CET956	OMIM:125800	Indomethacin	DIABETES INSIPIDUS, NEPHROGENIC, AUTOSOMAL	9
6617-OMIM:278000-K4YTU42T8G	UNII:K4YTU42T8G	OMIM:278000	Sebelipase alfa	LYSOSOMAL ACID LIPASE DEFICIENCY	4
663-OMIM:207800-7WY7YBI87E-ZH6F1VCV7B	UNII:7WY7YBI87E-UNII:ZH6F1VCV7B	OMIM:207800	Phenylbutyric acid-Glycerol phenylbutyrate	ARGININEMIA	35
663-OMIM:207800-8SKN0B0MIM	UNII:8SKN0B0MIM	OMIM:207800	Benzoic acid	ARGININEMIA	35
663-OMIM:207800-ER5I1W795A	UNII:ER5I1W795A	OMIM:207800	Phenylacetic acid	ARGININEMIA	35
6696-OMIM:616304-GN83C131XS	UNII:GN83C131XS	OMIM:616304	Ephedrine	MYASTHENIC SYNDROME, CONGENITAL, 17; CMS17	2
68-OMIM:614857-3SCV180C9W	UNII:3SCV180C9W	OMIM:614857	Glycine betaine	METHYLMALONIC ACIDURIA AND HOMOCYSTINURIA, cblJ TYPE; MAHCJ	2
6936-OMIM:210200-0G389FZZ9M	UNII:0G389FZZ9M	OMIM:210200	Levocarnitine	3-METHYLCROTONYL-CoA CARBOXYLASE 1 DEFICIENCY; MCC1D	7
6936-OMIM:210200-5SL0G7R0OK	UNII:5SL0G7R0OK	OMIM:210200	D-glucose	3-METHYLCROTONYL-CoA CARBOXYLASE 1 DEFICIENCY; MCC1D	7
6937-OMIM:210210-0G389FZZ9M	UNII:0G389FZZ9M	OMIM:210210	Levocarnitine	3-METHYLCROTONYL-CoA CARBOXYLASE 2 DEFICIENCY; MCC2D	8
6937-OMIM:210210-5SL0G7R0OK	UNII:5SL0G7R0OK	OMIM:210210	D-glucose	3-METHYLCROTONYL-CoA CARBOXYLASE 2 DEFICIENCY; MCC2D	8
6953-OMIM:612922-A3ULP0F556	UNII:A3ULP0F556	OMIM:612922	Eculizumab	HEMOLYTIC UREMIC SYNDROME, ATYPICAL, SUSCEPTIBILITY TO, 2	8
704-OMIM:617718-66Y330CJHS	UNII:66Y330CJHS	OMIM:617718	Human immunoglobulin G	IMMUNODEFICIENCY 71 WITH INFLAMMATORY DISEASE AND CONGENITAL THROMBOCYTOPENIA	3
746-OMIM:207900-7WY7YBI87E-ZH6F1VCV7B	UNII:7WY7YBI87E-UNII:ZH6F1VCV7B	OMIM:207900	Phenylbutyric acid-Glycerol phenylbutyrate	ARGININOSUCCINIC ACIDURIA	70
746-OMIM:207900-8SKN0B0MIM	UNII:8SKN0B0MIM	OMIM:207900	Benzoic acid	ARGININOSUCCINIC ACIDURIA	70
746-OMIM:207900-94ZLA3W45F	UNII:94ZLA3W45F	OMIM:207900	Arginine	ARGININOSUCCINIC ACIDURIA	70
746-OMIM:207900-ER5I1W795A	UNII:ER5I1W795A	OMIM:207900	Phenylacetic acid	ARGININOSUCCINIC ACIDURIA	70
7468-OMIM:250940-3SCV180C9W	UNII:3SCV180C9W	OMIM:250940	Glycine betaine	HOMOCYSTINURIA-MEGALOBLASTIC ANEMIA, cblG COMPLEMENTATION TYPE; HMAG	3
7468-OMIM:250940-935E97BOY8	UNII:935E97BOY8	OMIM:250940	Folic acid	HOMOCYSTINURIA-MEGALOBLASTIC ANEMIA, cblG COMPLEMENTATION TYPE; HMAG	3
7468-OMIM:250940-AE28F7PNPL	UNII:AE28F7PNPL	OMIM:250940	Methionine	HOMOCYSTINURIA-MEGALOBLASTIC ANEMIA, cblG COMPLEMENTATION TYPE; HMAG	3
7468-OMIM:250940-Q40X8H422O	UNII:Q40X8H422O	OMIM:250940	Hydroxocobalamin	HOMOCYSTINURIA-MEGALOBLASTIC ANEMIA, cblG COMPLEMENTATION TYPE; HMAG	3
7468-OMIM:250940-Q573I9DVLP	UNII:Q573I9DVLP	OMIM:250940	Leucovorin	HOMOCYSTINURIA-MEGALOBLASTIC ANEMIA, cblG COMPLEMENTATION TYPE; HMAG	3
7473-OMIM:236270-3SCV180C9W	UNII:3SCV180C9W	OMIM:236270	Glycine betaine	HOMOCYSTINURIA-MEGALOBLASTIC ANEMIA, cblE COMPLEMENTATION TYPE; HMAE	4
7473-OMIM:236270-935E97BOY8	UNII:935E97BOY8	OMIM:236270	Folic acid	HOMOCYSTINURIA-MEGALOBLASTIC ANEMIA, cblE COMPLEMENTATION TYPE; HMAE	4
7473-OMIM:236270-AE28F7PNPL	UNII:AE28F7PNPL	OMIM:236270	Methionine	HOMOCYSTINURIA-MEGALOBLASTIC ANEMIA, cblE COMPLEMENTATION TYPE; HMAE	4
7473-OMIM:236270-Q40X8H422O	UNII:Q40X8H422O	OMIM:236270	Hydroxocobalamin	HOMOCYSTINURIA-MEGALOBLASTIC ANEMIA, cblE COMPLEMENTATION TYPE; HMAE	4
7473-OMIM:236270-Q573I9DVLP	UNII:Q573I9DVLP	OMIM:236270	Leucovorin	HOMOCYSTINURIA-MEGALOBLASTIC ANEMIA, cblE COMPLEMENTATION TYPE; HMAE	4
7525-OMIM:616325-01K63SUP8D	UNII:01K63SUP8D	OMIM:616325	Fluoxetine	MYASTHENIC SYNDROME, CONGENITAL, 9, ASSOCIATED WITH ACETYLCHOLINE RECEPTOR DEFICIENCY	6
7525-OMIM:616325-GN83C131XS	UNII:GN83C131XS	OMIM:616325	Ephedrine	MYASTHENIC SYNDROME, CONGENITAL, 9, ASSOCIATED WITH ACETYLCHOLINE RECEPTOR DEFICIENCY	6
7525-OMIM:616325-QF8SVZ843E	UNII:QF8SVZ843E	OMIM:616325	Salbutamol	MYASTHENIC SYNDROME, CONGENITAL, 9, ASSOCIATED WITH ACETYLCHOLINE RECEPTOR DEFICIENCY	6
7526-OMIM:251000-0G389FZZ9M	UNII:0G389FZZ9M	OMIM:251000	Levocarnitine	METHYLMALONIC ACIDURIA DUE TO METHYLMALONYL-CoA MUTASE DEFICIENCY	3
7526-OMIM:251000-140QMO216E	UNII:140QMO216E	OMIM:251000	Metronidazole	METHYLMALONIC ACIDURIA DUE TO METHYLMALONYL-CoA MUTASE DEFICIENCY	3
7526-OMIM:251000-5L0HB4V1EW	UNII:5L0HB4V1EW	OMIM:251000	Carglumic acid	METHYLMALONIC ACIDURIA DUE TO METHYLMALONYL-CoA MUTASE DEFICIENCY	3
7526-OMIM:251000-Q40X8H422O	UNII:Q40X8H422O	OMIM:251000	Hydroxocobalamin	METHYLMALONIC ACIDURIA DUE TO METHYLMALONYL-CoA MUTASE DEFICIENCY	3
7530-OMIM:610377-9013DUQ28K	UNII:9013DUQ28K	OMIM:610377	Anakinra	MEVALONIC ACIDURIA	4
7577-OMIM:192600-EE92BBP03H-CJ0O37KU29	UNII:EE92BBP03H-UNII:CJ0O37KU29	OMIM:192600	Diltiazem-Verapamil	CARDIOMYOPATHY, FAMILIAL HYPERTROPHIC, 1; CMH1	11
7577-OMIM:192600-GFO928U8MQ	UNII:GFO928U8MQ	OMIM:192600	Disopyramide	CARDIOMYOPATHY, FAMILIAL HYPERTROPHIC, 1; CMH1	11
758-OMIM:215700-5L0HB4V1EW	UNII:5L0HB4V1EW	OMIM:215700	Carglumic acid	CITRULLINEMIA, CLASSIC	35
758-OMIM:215700-5SL0G7R0OK	UNII:5SL0G7R0OK	OMIM:215700	D-glucose	CITRULLINEMIA, CLASSIC	35
758-OMIM:215700-8SKN0B0MIM	UNII:8SKN0B0MIM	OMIM:215700	Benzoic acid	CITRULLINEMIA, CLASSIC	35
758-OMIM:215700-94ZLA3W45F	UNII:94ZLA3W45F	OMIM:215700	Arginine	CITRULLINEMIA, CLASSIC	35
758-OMIM:215700-ER5I1W795A	UNII:ER5I1W795A	OMIM:215700	Phenylacetic acid	CITRULLINEMIA, CLASSIC	35
7608-OMIM:618198-19QM69HH21	UNII:19QM69HH21	OMIM:618198	Pyridostigmine	MYASTHENIC SYNDROME, CONGENITAL, 24, PRESYNAPTIC; CMS24	2
7608-OMIM:618198-RU4S6E2G0J	UNII:RU4S6E2G0J	OMIM:618198	Amifampridine	MYASTHENIC SYNDROME, CONGENITAL, 24, PRESYNAPTIC; CMS24	2
7652-OMIM:251260-935E97BOY8	UNII:935E97BOY8	OMIM:251260	Folic acid	NIJMEGEN BREAKAGE SYNDROME; NBS	16
7652-OMIM:251260-N9PR3490H9	UNII:N9PR3490H9	OMIM:251260	Vitamin E	NIJMEGEN BREAKAGE SYNDROME; NBS	16
7660-OMIM:233700-21K6M2I7AG	UNII:21K6M2I7AG	OMIM:233700	Interferon gamma-1b	GRANULOMATOUS DISEASE, CHRONIC, AUTOSOMAL RECESSIVE, 1; CGD1	74
7661-OMIM:233710-140QMO216E	UNII:140QMO216E	OMIM:233710	Metronidazole	GRANULOMATOUS DISEASE, CHRONIC, AUTOSOMAL RECESSIVE, 2; CGD2	73
7661-OMIM:233710-21K6M2I7AG	UNII:21K6M2I7AG	OMIM:233710	Interferon gamma-1b	GRANULOMATOUS DISEASE, CHRONIC, AUTOSOMAL RECESSIVE, 2; CGD2	73
7661-OMIM:233710-4Q81I59GXC-3XC8GUZ6CB	UNII:4Q81I59GXC-UNII:3XC8GUZ6CB	OMIM:233710	Mesalazine-Sulfasalazine	GRANULOMATOUS DISEASE, CHRONIC, AUTOSOMAL RECESSIVE, 2; CGD2	73
7661-OMIM:233710-MRK240IY2L	UNII:MRK240IY2L	OMIM:233710	Azathioprine	GRANULOMATOUS DISEASE, CHRONIC, AUTOSOMAL RECESSIVE, 2; CGD2	73
7661-OMIM:233710-PKK6MUZ20G	UNII:PKK6MUZ20G	OMIM:233710	Mercaptopurine	GRANULOMATOUS DISEASE, CHRONIC, AUTOSOMAL RECESSIVE, 2; CGD2	73
7661-OMIM:233710-YL5FZ2Y5U1	UNII:YL5FZ2Y5U1	OMIM:233710	Methotrexate	GRANULOMATOUS DISEASE, CHRONIC, AUTOSOMAL RECESSIVE, 2; CGD2	73
7662-OMIM:613960-140QMO216E	UNII:140QMO216E	OMIM:613960	Metronidazole	GRANULOMATOUS DISEASE, CHRONIC, AUTOSOMAL RECESSIVE, 3; CGD3	73
7662-OMIM:613960-21K6M2I7AG	UNII:21K6M2I7AG	OMIM:613960	Interferon gamma-1b	GRANULOMATOUS DISEASE, CHRONIC, AUTOSOMAL RECESSIVE, 3; CGD3	73
7662-OMIM:613960-4Q81I59GXC-3XC8GUZ6CB	UNII:4Q81I59GXC-UNII:3XC8GUZ6CB	OMIM:613960	Mesalazine-Sulfasalazine	GRANULOMATOUS DISEASE, CHRONIC, AUTOSOMAL RECESSIVE, 3; CGD3	73
7662-OMIM:613960-4QWG6N8QKH	UNII:4QWG6N8QKH	OMIM:613960	Hydroxychloroquine	GRANULOMATOUS DISEASE, CHRONIC, AUTOSOMAL RECESSIVE, 3; CGD3	73
7662-OMIM:613960-MRK240IY2L	UNII:MRK240IY2L	OMIM:613960	Azathioprine	GRANULOMATOUS DISEASE, CHRONIC, AUTOSOMAL RECESSIVE, 3; CGD3	73
7662-OMIM:613960-YL5FZ2Y5U1	UNII:YL5FZ2Y5U1	OMIM:613960	Methotrexate	GRANULOMATOUS DISEASE, CHRONIC, AUTOSOMAL RECESSIVE, 3; CGD3	73
7897-OMIM:257220-ADN3S497AZ	UNII:ADN3S497AZ	OMIM:257220	Miglustat	NIEMANN-PICK DISEASE, TYPE C1; NPC1	9
7979-OMIM:177735-451W47IQ8X	UNII:451W47IQ8X	OMIM:177735	Sodium chloride	PSEUDOHYPOALDOSTERONISM, TYPE I, AUTOSOMAL DOMINANT	15
8512-OMIM:311250-29VT07BGDA	UNII:29VT07BGDA	OMIM:311250	Citrulline	ORNITHINE TRANSCARBAMYLASE DEFICIENCY, HYPERAMMONEMIA DUE TO	42
8512-OMIM:311250-5L0HB4V1EW	UNII:5L0HB4V1EW	OMIM:311250	Carglumic acid	ORNITHINE TRANSCARBAMYLASE DEFICIENCY, HYPERAMMONEMIA DUE TO	42
8512-OMIM:311250-5SL0G7R0OK	UNII:5SL0G7R0OK	OMIM:311250	D-glucose	ORNITHINE TRANSCARBAMYLASE DEFICIENCY, HYPERAMMONEMIA DUE TO	42
8512-OMIM:311250-8SKN0B0MIM	UNII:8SKN0B0MIM	OMIM:311250	Benzoic acid	ORNITHINE TRANSCARBAMYLASE DEFICIENCY, HYPERAMMONEMIA DUE TO	42
8512-OMIM:311250-94ZLA3W45F	UNII:94ZLA3W45F	OMIM:311250	Arginine	ORNITHINE TRANSCARBAMYLASE DEFICIENCY, HYPERAMMONEMIA DUE TO	42
8512-OMIM:311250-ER5I1W795A	UNII:ER5I1W795A	OMIM:311250	Phenylacetic acid	ORNITHINE TRANSCARBAMYLASE DEFICIENCY, HYPERAMMONEMIA DUE TO	42
8527-OMIM:245050-0G389FZZ9M	UNII:0G389FZZ9M	OMIM:245050	Levocarnitine	SUCCINYL-CoA:3-OXOACID-CoA TRANSFERASE DEFICIENCY	6
8527-OMIM:245050-5SL0G7R0OK	UNII:5SL0G7R0OK	OMIM:245050	D-glucose	SUCCINYL-CoA:3-OXOACID-CoA TRANSFERASE DEFICIENCY	6
853-OMIM:267300-660YQ98I10	UNII:660YQ98I10	OMIM:267300	Potassium chloride	RENAL TUBULAR ACIDOSIS, DISTAL, 2, WITH PROGRESSIVE SENSORINEURAL HEARING LOSS	12
853-OMIM:267300-86R1NVR0HW-RS7A450LGA	UNII:86R1NVR0HW-UNII:RS7A450LGA	OMIM:267300	Potassium citrate-Sodium citrate	RENAL TUBULAR ACIDOSIS, DISTAL, 2, WITH PROGRESSIVE SENSORINEURAL HEARING LOSS	12
853-OMIM:267300-8MDF5V39QO	UNII:8MDF5V39QO	OMIM:267300	Sodium bicarbonate	RENAL TUBULAR ACIDOSIS, DISTAL, 2, WITH PROGRESSIVE SENSORINEURAL HEARING LOSS	12
853-OMIM:267300-XXE1CET956	UNII:XXE1CET956	OMIM:267300	Indomethacin	RENAL TUBULAR ACIDOSIS, DISTAL, 2, WITH PROGRESSIVE SENSORINEURAL HEARING LOSS	12
8646-OMIM:264070-EGX657432I	UNII:EGX657432I	OMIM:264070	Sapropterin	HYPERPHENYLALANINEMIA, BH4-DEFICIENT, D	2
8653-OMIM:606054-0G389FZZ9M	UNII:0G389FZZ9M	OMIM:606054	Levocarnitine	PROPIONIC ACIDEMIA	22
8653-OMIM:606054-1Y17CTI5SR	UNII:1Y17CTI5SR	OMIM:606054	Insulin human	PROPIONIC ACIDEMIA	22
8653-OMIM:606054-4ABT0J945J	UNII:4ABT0J945J	OMIM:606054	Thiamine	PROPIONIC ACIDEMIA	22
8653-OMIM:606054-5L0HB4V1EW	UNII:5L0HB4V1EW	OMIM:606054	Carglumic acid	PROPIONIC ACIDEMIA	22
8653-OMIM:606054-5SL0G7R0OK	UNII:5SL0G7R0OK	OMIM:606054	D-glucose	PROPIONIC ACIDEMIA	22
8653-OMIM:606054-94ZLA3W45F	UNII:94ZLA3W45F	OMIM:606054	Arginine	PROPIONIC ACIDEMIA	22
8653-OMIM:606054-EJ27X76M46	UNII:EJ27X76M46	OMIM:606054	Ubidecarenone	PROPIONIC ACIDEMIA	22
8653-OMIM:606054-RS7A450LGA	UNII:RS7A450LGA	OMIM:606054	Sodium citrate	PROPIONIC ACIDEMIA	22
877-OMIM:266100-94ZLA3W45F	UNII:94ZLA3W45F	OMIM:266100	Arginine	EPILEPSY, PYRIDOXINE-DEPENDENT; EPD	12
877-OMIM:266100-KV2JZ1BI6Z	UNII:KV2JZ1BI6Z	OMIM:266100	Pyridoxine	EPILEPSY, PYRIDOXINE-DEPENDENT; EPD	12
89-OMIM:201450-0G389FZZ9M	UNII:0G389FZZ9M	OMIM:201450	Levocarnitine	ACYL-CoA DEHYDROGENASE, MEDIUM-CHAIN, DEFICIENCY OF; ACADMD	12
89-OMIM:201450-5SL0G7R0OK	UNII:5SL0G7R0OK	OMIM:201450	D-glucose	ACYL-CoA DEHYDROGENASE, MEDIUM-CHAIN, DEFICIENCY OF; ACADMD	12
8905-OMIM:614921-X2RN3Q8DNE	UNII:X2RN3Q8DNE	OMIM:614921	Galactose	CONGENITAL DISORDER OF GLYCOSYLATION, TYPE It	7
8918-OMIM:307800-G9WJT6RD29	UNII:G9WJT6RD29	OMIM:307800	Burosumab	HYPOPHOSPHATEMIC RICKETS, X-LINKED DOMINANT	10
8918-OMIM:307800-NK08V8K8HR	UNII:NK08V8K8HR	OMIM:307800	Phosphate ion	HYPOPHOSPHATEMIC RICKETS, X-LINKED DOMINANT	10
8923-OMIM:601815-452VLY9402	UNII:452VLY9402	OMIM:601815	Serine	PHOSPHOGLYCERATE DEHYDROGENASE DEFICIENCY; PHGDHD	3
8923-OMIM:601815-TE7660XO1C	UNII:TE7660XO1C	OMIM:601815	Glycine	PHOSPHOGLYCERATE DEHYDROGENASE DEFICIENCY; PHGDHD	3
897-OMIM:300539-1E2497LPNY	UNII:1E2497LPNY	OMIM:300539	Tolvaptan	NEPHROGENIC SYNDROME OF INAPPROPRIATE ANTIDIURESIS	10
897-OMIM:300539-8W8T17847W	UNII:8W8T17847W	OMIM:300539	Urea	NEPHROGENIC SYNDROME OF INAPPROPRIATE ANTIDIURESIS	10
897-OMIM:300539-AJS8S3P31H	UNII:AJS8S3P31H	OMIM:300539	Satavaptan	NEPHROGENIC SYNDROME OF INAPPROPRIATE ANTIDIURESIS	10
897-OMIM:304800-0J48LPH2TH	UNII:0J48LPH2TH	OMIM:304800	Hydrochlorothiazide	DIABETES INSIPIDUS, NEPHROGENIC, X-LINKED	38
897-OMIM:304800-7DZO8EB0Z3	UNII:7DZO8EB0Z3	OMIM:304800	Amiloride	DIABETES INSIPIDUS, NEPHROGENIC, X-LINKED	38
897-OMIM:304800-XXE1CET956	UNII:XXE1CET956	OMIM:304800	Indomethacin	DIABETES INSIPIDUS, NEPHROGENIC, X-LINKED	38
8979-OMIM:615214-66Y330CJHS	UNII:66Y330CJHS	OMIM:615214	Human immunoglobulin G	AGAMMAGLOBULINEMIA 7, AUTOSOMAL RECESSIVE	3
8979-OMIM:616005-66Y330CJHS	UNII:66Y330CJHS	OMIM:616005	Human immunoglobulin G	IMMUNODEFICIENCY 36	32
8979-OMIM:616005-W36ZG6FT64	UNII:W36ZG6FT64	OMIM:616005	Sirolimus	IMMUNODEFICIENCY 36	32
9115-OMIM:212065-O26FZP769L	UNII:O26FZP769L	OMIM:212065	Lorazepam	CONGENITAL DISORDER OF GLYCOSYLATION, TYPE Ia; CDG1A	3
92-OMIM:201475-0G389FZZ9M	UNII:0G389FZZ9M	OMIM:201475	Levocarnitine	ACYL-CoA DEHYDROGENASE, VERY LONG-CHAIN, DEFICIENCY OF; ACADVLD	14
92-OMIM:201475-5SL0G7R0OK	UNII:5SL0G7R0OK	OMIM:201475	D-glucose	ACYL-CoA DEHYDROGENASE, VERY LONG-CHAIN, DEFICIENCY OF; ACADVLD	14
92-OMIM:201475-C9H2L21V7U	UNII:C9H2L21V7U	OMIM:201475	Medium-chain triglycerides	ACYL-CoA DEHYDROGENASE, VERY LONG-CHAIN, DEFICIENCY OF; ACADVLD	14
93-OMIM:203750-0G389FZZ9M	UNII:0G389FZZ9M	OMIM:203750	Levocarnitine	ALPHA-METHYLACETOACETIC ACIDURIA	4
93-OMIM:203750-1Y17CTI5SR	UNII:1Y17CTI5SR	OMIM:203750	Insulin human	ALPHA-METHYLACETOACETIC ACIDURIA	4
93-OMIM:203750-5SL0G7R0OK	UNII:5SL0G7R0OK	OMIM:203750	D-glucose	ALPHA-METHYLACETOACETIC ACIDURIA	4
9413-OMIM:615966-66Y330CJHS	UNII:66Y330CJHS	OMIM:615966	Human immunoglobulin G	IMMUNODEFICIENCY 26 WITH OR WITHOUT NEUROLOGIC ABNORMALITIES	65
9457-OMIM:617290-F06SGE49M6	UNII:F06SGE49M6	OMIM:617290	Pyridoxal phosphate	EPILEPSY, EARLY-ONSET, VITAMIN B6-DEPENDENT; EPVB6D	8
9457-OMIM:617290-KV2JZ1BI6Z	UNII:KV2JZ1BI6Z	OMIM:617290	Pyridoxine	EPILEPSY, EARLY-ONSET, VITAMIN B6-DEPENDENT; EPVB6D	8
9577-OMIM:614023-452VLY9402	UNII:452VLY9402	OMIM:614023	Serine	PHOSPHOSERINE PHOSPHATASE DEFICIENCY	5
9689-OMIM:261640-46627O600J	UNII:46627O600J	OMIM:261640	Levodopa	HYPERPHENYLALANINEMIA, BH4-DEFICIENT, A	6
9689-OMIM:261640-C1LJO185Q9	UNII:C1LJO185Q9	OMIM:261640	Oxitriptan	HYPERPHENYLALANINEMIA, BH4-DEFICIENT, A	6
9689-OMIM:261640-EGX657432I	UNII:EGX657432I	OMIM:261640	Sapropterin	HYPERPHENYLALANINEMIA, BH4-DEFICIENT, A	6
9689-OMIM:261640-KR87B45RGH	UNII:KR87B45RGH	OMIM:261640	Carbidopa	HYPERPHENYLALANINEMIA, BH4-DEFICIENT, A	6
9752-OMIM:261630-2K1V7GP655	UNII:2K1V7GP655	OMIM:261630	Selegiline	HYPERPHENYLALANINEMIA, BH4-DEFICIENT, C	12
9752-OMIM:261630-46627O600J	UNII:46627O600J	OMIM:261630	Levodopa	HYPERPHENYLALANINEMIA, BH4-DEFICIENT, C	12
9752-OMIM:261630-4975G9NM6T	UNII:4975G9NM6T	OMIM:261630	Entacapone	HYPERPHENYLALANINEMIA, BH4-DEFICIENT, C	12
9752-OMIM:261630-EGX657432I	UNII:EGX657432I	OMIM:261630	Sapropterin	HYPERPHENYLALANINEMIA, BH4-DEFICIENT, C	12
9752-OMIM:261630-KR87B45RGH	UNII:KR87B45RGH	OMIM:261630	Carbidopa	HYPERPHENYLALANINEMIA, BH4-DEFICIENT, C	12
9752-OMIM:261630-Q573I9DVLP	UNII:Q573I9DVLP	OMIM:261630	Leucovorin	HYPERPHENYLALANINEMIA, BH4-DEFICIENT, C	12
9766-OMIM:607624-66Y330CJHS	UNII:66Y330CJHS	OMIM:607624	Human immunoglobulin G	GRISCELLI SYNDROME, TYPE 2	4
9766-OMIM:607624-6PLQ3CP4P3	UNII:6PLQ3CP4P3	OMIM:607624	Etoposide	GRISCELLI SYNDROME, TYPE 2	4
9766-OMIM:607624-7S5I7G3JQL	UNII:7S5I7G3JQL	OMIM:607624	Dexamethasone	GRISCELLI SYNDROME, TYPE 2	4
9766-OMIM:607624-83HN0GTJ6D	UNII:83HN0GTJ6D	OMIM:607624	Cyclosporine	GRISCELLI SYNDROME, TYPE 2	4
9831-OMIM:603554-T5UM7HB19N	UNII:T5UM7HB19N	OMIM:603554	Hypochlorite	OMENN SYNDROME	22
9831-OMIM:609889-P9G3CKZ4P5	UNII:P9G3CKZ4P5	OMIM:609889	Ganciclovir	ALPHA/BETA T-CELL LYMPHOPENIA WITH GAMMA/DELTA T-CELL EXPANSION, SEVERE CYTOMEGALOVIRUS INFECTION, AND AUTOIMMUNITY	3
9832-OMIM:603554-T5UM7HB19N	UNII:T5UM7HB19N	OMIM:603554	Hypochlorite	OMENN SYNDROME	22
9863-OMIM:616326-19QM69HH21-L16PUN799N-3982TWQ96G	UNII:19QM69HH21-UNII:L16PUN799N-UNII:3982TWQ96G	OMIM:616326	Pyridostigmine-Ambenonium-Neostigmine	MYASTHENIC SYNDROME, CONGENITAL, 11, ASSOCIATED WITH ACETYLCHOLINE RECEPTOR DEFICIENCY	9
9863-OMIM:616326-GN83C131XS	UNII:GN83C131XS	OMIM:616326	Ephedrine	MYASTHENIC SYNDROME, CONGENITAL, 11, ASSOCIATED WITH ACETYLCHOLINE RECEPTOR DEFICIENCY	9
9863-OMIM:616326-QF8SVZ843E	UNII:QF8SVZ843E	OMIM:616326	Salbutamol	MYASTHENIC SYNDROME, CONGENITAL, 11, ASSOCIATED WITH ACETYLCHOLINE RECEPTOR DEFICIENCY	9
9863-OMIM:616326-RU4S6E2G0J	UNII:RU4S6E2G0J	OMIM:616326	Amifampridine	MYASTHENIC SYNDROME, CONGENITAL, 11, ASSOCIATED WITH ACETYLCHOLINE RECEPTOR DEFICIENCY	9
